date,market_name,crop,variety,grade,min_price,max_price,modal_price,arrivals_tonnes
2024-01-01,Mysore,Wheat,Local,FAQ,2528,3090,2809,41.4
2024-01-01,Mangalore,Banana,Local,FAQ,1970,2408,2189,18.2
2024-01-01,Dharwad,Tomato,Local,FAQ,1831,2237,2034,98.4
2024-01-02,Shimoga,Brinjal,Local,FAQ,1173,1433,1303,16.1
2024-01-02,Hubli,Wheat,Local,FAQ,2609,3189,2899,64.9
2024-01-02,Mysore,Potato,Local,FAQ,931,1137,1034,93.0
2024-01-03,Mangalore,Banana,Local,FAQ,1914,2340,2127,17.9
2024-01-03,Bellary,Rice,Local,FAQ,3343,4085,3714,83.3
2024-01-03,Davangere,Onion,Local,FAQ,1028,1256,1142,69.5
2024-01-03,Davangere,Onion,Local,FAQ,1198,1464,1331,25.4
2024-01-03,Belgaum,Coconut,Local,FAQ,2203,2693,2448,45.0
2024-01-04,Karwar,Mango,Local,FAQ,3727,4555,4141,66.5
2024-01-05,Hassan,Coconut,Local,FAQ,2442,2984,2713,65.0
2024-01-06,Karwar,Chilli,Local,FAQ,6057,7403,6730,55.6
2024-01-06,Shimoga,Onion,Local,FAQ,1490,1821,1655,99.2
2024-01-07,Bellary,Brinjal,Local,FAQ,1084,1324,1204,80.8
2024-01-07,Raichur,Potato,Local,FAQ,1046,1278,1162,88.2
2024-01-07,Bijapur,Chilli,Local,FAQ,10737,13123,11930,77.5
2024-01-07,Gulbarga,Rice,Local,FAQ,2736,3344,3040,99.4
2024-01-07,Hubli,Wheat,Local,FAQ,1963,2399,2181,45.2
2024-01-08,Bijapur,Chilli,Local,FAQ,6620,8092,7356,41.2
2024-01-08,Tumkur,Brinjal,Local,FAQ,1312,1604,1458,52.2
2024-01-08,Bellary,Coconut,Local,FAQ,1465,1791,1628,70.9
2024-01-09,Hassan,Chilli,Local,FAQ,9951,12163,11057,97.6
2024-01-09,Karwar,Wheat,Local,FAQ,2480,3032,2756,80.9
2024-01-09,Bangalore (Yeshwanthpur),Rice,Local,FAQ,2726,3332,3029,95.0
2024-01-10,Gulbarga,Onion,Local,FAQ,1430,1748,1589,35.6
2024-01-11,Bijapur,Tomato,Local,FAQ,1088,1330,1209,28.8
2024-01-12,Mysore,Banana,Local,FAQ,1720,2102,1911,15.3
2024-01-12,Mangalore,Brinjal,Local,FAQ,1360,1662,1511,10.5
2024-01-12,Bijapur,Banana,Local,FAQ,1825,2231,2028,16.2
2024-01-13,Davangere,Tomato,Local,FAQ,1580,1931,1755,32.9
2024-01-13,Shimoga,Chilli,Local,FAQ,8824,10784,9804,24.9
2024-01-13,Mangalore,Coconut,Local,FAQ,2218,2712,2465,29.1
2024-01-13,Tumkur,Mango,Local,FAQ,2771,3387,3079,13.4
2024-01-13,Raichur,Rice,Local,FAQ,3027,3699,3363,10.0
2024-01-14,Hassan,Tomato,Local,FAQ,2002,2448,2225,84.9
2024-01-14,Bellary,Potato,Local,FAQ,747,913,830,97.5
2024-01-14,Mangalore,Potato,Local,FAQ,727,889,808,38.2
2024-01-14,Shimoga,Wheat,Local,FAQ,2084,2548,2316,88.2
2024-01-14,Hubli,Banana,Local,FAQ,1997,2441,2219,44.9
2024-01-14,Bijapur,Mango,Local,FAQ,2182,2668,2425,7.8
2024-01-15,Bellary,Mango,Local,FAQ,2968,3628,3298,14.2
2024-01-15,Dharwad,Chilli,Local,FAQ,9471,11575,10523,32.2
2024-01-16,Bijapur,Rice,Local,FAQ,2825,3453,3139,39.1
2024-01-16,Mysore,Brinjal,Local,FAQ,1087,1329,1208,17.9
2024-01-17,Belgaum,Wheat,Local,FAQ,2794,3416,3105,97.0
2024-01-17,Gulbarga,Banana,Local,FAQ,2346,2868,2607,88.5
2024-01-17,Shimoga,Brinjal,Local,FAQ,1523,1861,1692,61.1
2024-01-18,Belgaum,Wheat,Local,FAQ,2091,2555,2323,37.2
2024-01-18,Tumkur,Brinjal,Local,FAQ,1516,1854,1685,35.1
2024-01-19,Mangalore,Potato,Local,FAQ,994,1214,1104,48.7
2024-01-19,Hubli,Chilli,Local,FAQ,10049,12283,11166,68.7
2024-01-19,Raichur,Wheat,Local,FAQ,2627,3211,2919,9.4
2024-01-20,Gulbarga,Chilli,Local,FAQ,9211,11257,10234,78.9
2024-01-20,Raichur,Tomato,Local,FAQ,1701,2079,1890,77.1
2024-01-20,Mysore,Onion,Local,FAQ,1064,1300,1182,88.4
2024-01-20,Karwar,Tomato,Local,FAQ,1709,2089,1899,48.6
2024-01-21,Hubli,Coconut,Local,FAQ,1765,2157,1961,57.2
2024-01-21,Hassan,Brinjal,Local,FAQ,1481,1811,1646,24.1
2024-01-21,Bellary,Onion,Local,FAQ,1155,1411,1283,88.7
2024-01-21,Bangalore (Yeshwanthpur),Tomato,Local,FAQ,1362,1664,1513,30.3
2024-01-22,Bellary,Coconut,Local,FAQ,1767,2159,1963,88.0
2024-01-23,Raichur,Onion,Local,FAQ,889,1087,988,6.9
2024-01-23,Gulbarga,Mango,Local,FAQ,3019,3689,3354,78.9
2024-01-23,Hassan,Onion,Local,FAQ,1362,1664,1513,45.1
2024-01-23,Mangalore,Banana,Local,FAQ,2366,2892,2629,84.2
2024-01-24,Mangalore,Wheat,Local,FAQ,2571,3143,2857,16.9
2024-01-24,Hubli,Potato,Local,FAQ,911,1113,1012,68.8
2024-01-24,Mangalore,Potato,Local,FAQ,1107,1353,1230,53.4
2024-01-25,Bangalore (Yeshwanthpur),Onion,Local,FAQ,1113,1361,1237,97.5
2024-01-25,Belgaum,Rice,Local,FAQ,3954,4832,4393,64.5
2024-01-25,Raichur,Onion,Local,FAQ,1385,1693,1539,9.9
2024-01-25,Mysore,Mango,Local,FAQ,3691,4511,4101,96.9
2024-01-26,Bijapur,Onion,Local,FAQ,1292,1580,1436,19.6
2024-01-26,Davangere,Brinjal,Local,FAQ,1477,1805,1641,20.5
2024-01-27,Bijapur,Mango,Local,FAQ,2744,3354,3049,93.4
2024-01-27,Hubli,Tomato,Local,FAQ,1414,1728,1571,25.3
2024-01-28,Mysore,Mango,Local,FAQ,3233,3951,3592,23.4
2024-01-28,Gulbarga,Potato,Local,FAQ,1231,1505,1368,44.7
2024-01-29,Tumkur,Mango,Local,FAQ,2960,3618,3289,48.5
2024-01-29,Tumkur,Rice,Local,FAQ,3124,3818,3471,95.7
2024-01-30,Bellary,Tomato,Local,FAQ,1636,2000,1818,33.6
2024-01-30,Bellary,Chilli,Local,FAQ,9261,11319,10290,64.4
2024-01-31,Mangalore,Chilli,Local,FAQ,9526,11644,10585,89.4
2024-02-01,Belgaum,Banana,Local,FAQ,1599,1955,1777,51.8
2024-02-01,Hubli,Rice,Local,FAQ,3189,3897,3543,62.5
2024-02-01,Raichur,Brinjal,Local,FAQ,1464,1790,1627,30.0
2024-02-01,Bellary,Tomato,Local,FAQ,1755,2145,1950,37.7
2024-02-01,Bijapur,Potato,Local,FAQ,1291,1577,1434,22.2
2024-02-02,Mangalore,Onion,Local,FAQ,1519,1857,1688,71.5
2024-02-02,Hassan,Banana,Local,FAQ,1850,2260,2055,71.7
2024-02-02,Mangalore,Chilli,Local,FAQ,8773,10723,9748,71.5
2024-02-02,Dharwad,Potato,Local,FAQ,1099,1343,1221,69.5
2024-02-02,Hubli,Tomato,Local,FAQ,2142,2618,2380,17.2
2024-02-03,Bellary,Brinjal,Local,FAQ,1596,1950,1773,13.9
2024-02-05,Hubli,Coconut,Local,FAQ,1811,2213,2012,98.4
2024-02-05,Bangalore (Yeshwanthpur),Tomato,Local,FAQ,1578,1928,1753,72.6
2024-02-06,Davangere,Coconut,Local,FAQ,1923,2351,2137,13.3
2024-02-06,Dharwad,Coconut,Local,FAQ,1636,2000,1818,65.0
2024-02-07,Hassan,Chilli,Local,FAQ,7366,9002,8184,71.6
2024-02-07,Tumkur,Wheat,Local,FAQ,2497,3051,2774,8.3
2024-02-07,Dharwad,Mango,Local,FAQ,3351,4095,3723,57.5
2024-02-08,Raichur,Tomato,Local,FAQ,1957,2391,2174,43.7
2024-02-08,Raichur,Potato,Local,FAQ,933,1141,1037,84.6
2024-02-09,Belgaum,Wheat,Local,FAQ,3431,4193,3812,6.4
2024-02-09,Mangalore,Rice,Local,FAQ,4251,5195,4723,99.6
2024-02-09,Hubli,Onion,Local,FAQ,1376,1682,1529,13.0
2024-02-09,Hubli,Mango,Local,FAQ,2506,3062,2784,70.2
2024-02-10,Bangalore (Yeshwanthpur),Tomato,Local,FAQ,1590,1944,1767,44.4
2024-02-11,Shimoga,Brinjal,Local,FAQ,1201,1467,1334,9.3
2024-02-12,Bijapur,Rice,Local,FAQ,3912,4782,4347,19.2
2024-02-12,Bellary,Banana,Local,FAQ,1440,1760,1600,52.3
2024-02-12,Hubli,Potato,Local,FAQ,1409,1723,1566,23.8
2024-02-12,Hassan,Banana,Local,FAQ,2376,2904,2640,68.5
2024-02-12,Hassan,Tomato,Local,FAQ,1298,1586,1442,75.1
2024-02-12,Davangere,Onion,Local,FAQ,1142,1396,1269,79.2
2024-02-13,Bijapur,Chilli,Local,FAQ,7566,9248,8407,45.7
2024-02-13,Dharwad,Potato,Local,FAQ,1231,1505,1368,97.2
2024-02-14,Belgaum,Mango,Local,FAQ,3811,4657,4234,47.1
2024-02-14,Dharwad,Brinjal,Local,FAQ,1227,1499,1363,81.0
2024-02-14,Davangere,Chilli,Local,FAQ,9015,11019,10017,92.5
2024-02-14,Bellary,Chilli,Local,FAQ,7923,9683,8803,28.2
2024-02-14,Mangalore,Mango,Local,FAQ,3905,4773,4339,60.9
2024-02-15,Hubli,Mango,Local,FAQ,4308,5266,4787,65.1
2024-02-15,Bangalore (Yeshwanthpur),Potato,Local,FAQ,1162,1420,1291,62.7
2024-02-16,Raichur,Rice,Local,FAQ,3677,4495,4086,76.8
2024-02-17,Tumkur,Coconut,Local,FAQ,1957,2391,2174,84.1
2024-02-17,Gulbarga,Mango,Local,FAQ,3457,4225,3841,17.3
2024-02-17,Hassan,Onion,Local,FAQ,1342,1640,1491,18.6
2024-02-18,Bijapur,Tomato,Local,FAQ,1382,1690,1536,89.5
2024-02-18,Karwar,Rice,Local,FAQ,5065,6191,5628,19.8
2024-02-18,Raichur,Coconut,Local,FAQ,2630,3214,2922,83.8
2024-02-18,Bangalore (Yeshwanthpur),Chilli,Local,FAQ,9543,11663,10603,26.5
2024-02-18,Dharwad,Brinjal,Local,FAQ,1202,1469,1335,53.3
2024-02-19,Mangalore,Onion,Local,FAQ,1718,2100,1909,9.4
2024-02-19,Belgaum,Banana,Local,FAQ,1831,2237,2034,33.7
2024-02-19,Mysore,Potato,Local,FAQ,1356,1658,1507,41.0
2024-02-19,Bangalore (Yeshwanthpur),Onion,Local,FAQ,1585,1937,1761,74.3
2024-02-20,Hassan,Wheat,Local,FAQ,2925,3575,3250,75.8
2024-02-20,Shimoga,Mango,Local,FAQ,2940,3594,3267,86.5
2024-02-20,Mangalore,Onion,Local,FAQ,1169,1429,1299,34.8
2024-02-21,Shimoga,Mango,Local,FAQ,3073,3755,3414,78.2
2024-02-21,Mangalore,Mango,Local,FAQ,4028,4924,4476,21.2
2024-02-21,Mangalore,Banana,Local,FAQ,2444,2987,2715,23.9
2024-02-21,Bijapur,Chilli,Local,FAQ,10058,12293,11175,73.9
2024-02-22,Mangalore,Mango,Local,FAQ,4317,5277,4797,83.1
2024-02-23,Hubli,Brinjal,Local,FAQ,1570,1918,1744,77.6
2024-02-23,Tumkur,Coconut,Local,FAQ,2240,2738,2489,23.6
2024-02-23,Hubli,Mango,Local,FAQ,3257,3981,3619,46.5
2024-02-23,Karwar,Coconut,Local,FAQ,2317,2831,2574,50.2
2024-02-23,Hubli,Tomato,Local,FAQ,1776,2170,1973,63.0
2024-02-24,Dharwad,Potato,Local,FAQ,1119,1367,1243,64.6
2024-02-25,Karwar,Potato,Local,FAQ,1471,1797,1634,23.1
2024-02-25,Raichur,Coconut,Local,FAQ,2058,2516,2287,70.9
2024-02-25,Belgaum,Chilli,Local,FAQ,9532,11650,10591,61.4
2024-02-26,Mysore,Coconut,Local,FAQ,1732,2116,1924,26.3
2024-02-26,Bijapur,Onion,Local,FAQ,1573,1923,1748,77.2
2024-02-26,Shimoga,Banana,Local,FAQ,1582,1934,1758,88.0
2024-02-26,Hubli,Potato,Local,FAQ,920,1124,1022,94.4
2024-02-26,Gulbarga,Brinjal,Local,FAQ,1172,1432,1302,60.3
2024-02-27,Raichur,Banana,Local,FAQ,2074,2536,2305,67.3
2024-02-27,Dharwad,Mango,Local,FAQ,4015,4907,4461,89.5
2024-02-27,Hubli,Tomato,Local,FAQ,2156,2636,2396,24.0
2024-02-27,Raichur,Banana,Local,FAQ,1792,2190,1991,69.8
2024-02-27,Hassan,Tomato,Local,FAQ,1302,1592,1447,91.3
2024-02-27,Bangalore (Yeshwanthpur),Rice,Local,FAQ,3639,4447,4043,47.3
2024-02-27,Tumkur,Onion,Local,FAQ,1414,1728,1571,43.6
2024-02-28,Bangalore (Yeshwanthpur),Coconut,Local,FAQ,1846,2256,2051,39.8
2024-03-01,Shimoga,Brinjal,Local,FAQ,1039,1269,1154,42.4
2024-03-01,Bijapur,Mango,Local,FAQ,3762,4598,4180,92.3
2024-03-01,Hubli,Mango,Local,FAQ,3067,3749,3408,7.0
2024-03-02,Hassan,Wheat,Local,FAQ,3475,4247,3861,48.6
2024-03-02,Bijapur,Wheat,Local,FAQ,3116,3808,3462,92.3
2024-03-04,Belgaum,Wheat,Local,FAQ,3311,4047,3679,39.5
2024-03-04,Gulbarga,Wheat,Local,FAQ,2382,2912,2647,74.2
2024-03-05,Karwar,Mango,Local,FAQ,2962,3620,3291,26.5
2024-03-05,Bangalore (Yeshwanthpur),Rice,Local,FAQ,4435,5421,4928,91.1
2024-03-05,Mangalore,Brinjal,Local,FAQ,1402,1714,1558,86.1
2024-03-05,Bangalore (Yeshwanthpur),Potato,Local,FAQ,853,1043,948,45.5
2024-03-05,Shimoga,Onion,Local,FAQ,1704,2082,1893,9.2
2024-03-06,Hassan,Tomato,Local,FAQ,1938,2368,2153,61.8
2024-03-06,Tumkur,Brinjal,Local,FAQ,1576,1926,1751,39.9
2024-03-06,Bellary,Mango,Local,FAQ,3870,4730,4300,47.3
2024-03-07,Raichur,Onion,Local,FAQ,1493,1825,1659,12.6
2024-03-07,Mysore,Brinjal,Local,FAQ,1156,1412,1284,18.4
2024-03-07,Bijapur,Rice,Local,FAQ,5163,6311,5737,55.4
2024-03-07,Davangere,Tomato,Local,FAQ,2209,2699,2454,85.4
2024-03-07,Davangere,Rice,Local,FAQ,3434,4198,3816,52.0
2024-03-07,Karwar,Mango,Local,FAQ,4419,5401,4910,88.0
2024-03-07,Karwar,Banana,Local,FAQ,2034,2486,2260,61.4
2024-03-08,Karwar,Potato,Local,FAQ,1449,1771,1610,14.2
2024-03-09,Bangalore (Yeshwanthpur),Onion,Local,FAQ,1356,1658,1507,78.3
2024-03-10,Dharwad,Tomato,Local,FAQ,1449,1771,1610,8.9
2024-03-10,Davangere,Mango,Local,FAQ,3930,4804,4367,34.1
2024-03-11,Hubli,Coconut,Local,FAQ,2098,2564,2331,37.7
2024-03-11,Davangere,Brinjal,Local,FAQ,1184,1448,1316,83.1
2024-03-11,Hassan,Coconut,Local,FAQ,1946,2378,2162,27.6
2024-03-11,Bellary,Wheat,Local,FAQ,3533,4319,3926,63.8
2024-03-12,Raichur,Chilli,Local,FAQ,11542,14108,12825,95.1
2024-03-12,Hubli,Onion,Local,FAQ,1554,1900,1727,71.0
2024-03-12,Bangalore (Yeshwanthpur),Brinjal,Local,FAQ,1467,1793,1630,17.7
2024-03-13,Shimoga,Coconut,Local,FAQ,2714,3317,3015,6.7
2024-03-13,Bijapur,Rice,Local,FAQ,3984,4870,4427,12.1
2024-03-14,Karwar,Chilli,Local,FAQ,11811,14435,13123,16.7
2024-03-14,Karwar,Banana,Local,FAQ,2428,2968,2698,64.2
2024-03-14,Karwar,Brinjal,Local,FAQ,1000,1222,1111,92.9
2024-03-14,Bellary,Wheat,Local,FAQ,3362,4110,3736,59.9
2024-03-15,Raichur,Onion,Local,FAQ,1508,1844,1676,8.8
2024-03-15,Hassan,Rice,Local,FAQ,4349,5315,4832,97.0
2024-03-15,Gulbarga,Onion,Local,FAQ,1182,1444,1313,44.8
2024-03-17,Hassan,Brinjal,Local,FAQ,1400,1711,1555,39.3
2024-03-17,Belgaum,Tomato,Local,FAQ,2174,2658,2416,75.8
2024-03-18,Belgaum,Rice,Local,FAQ,4064,4966,4515,65.6
2024-03-18,Bellary,Onion,Local,FAQ,1100,1344,1222,8.7
2024-03-18,Davangere,Potato,Local,FAQ,1433,1751,1592,11.2
2024-03-20,Tumkur,Banana,Local,FAQ,2254,2754,2504,37.7
2024-03-20,Bellary,Mango,Local,FAQ,4085,4993,4539,33.2
2024-03-20,Bangalore (Yeshwanthpur),Brinjal,Local,FAQ,1309,1599,1454,81.0
2024-03-21,Hubli,Tomato,Local,FAQ,2025,2475,2250,64.8
2024-03-21,Dharwad,Brinjal,Local,FAQ,1741,2127,1934,10.1
2024-03-22,Karwar,Mango,Local,FAQ,2864,3500,3182,64.8
2024-03-22,Tumkur,Wheat,Local,FAQ,2198,2686,2442,39.4
2024-03-23,Karwar,Brinjal,Local,FAQ,1204,1472,1338,69.9
2024-03-23,Hubli,Coconut,Local,FAQ,2917,3565,3241,59.3
2024-03-23,Bijapur,Coconut,Local,FAQ,2351,2873,2612,58.4
2024-03-23,Tumkur,Coconut,Local,FAQ,2740,3348,3044,61.1
2024-03-23,Karwar,Coconut,Local,FAQ,2084,2548,2316,96.4
2024-03-23,Mangalore,Tomato,Local,FAQ,1495,1827,1661,59.0
2024-03-24,Mangalore,Potato,Local,FAQ,1386,1694,1540,7.4
2024-03-24,Davangere,Potato,Local,FAQ,1092,1334,1213,21.7
2024-03-24,Hassan,Mango,Local,FAQ,4023,4917,4470,25.9
2024-03-25,Mangalore,Potato,Local,FAQ,1245,1521,1383,14.7
2024-03-25,Tumkur,Tomato,Local,FAQ,1940,2372,2156,18.5
2024-03-25,Mysore,Potato,Local,FAQ,938,1146,1042,28.1
2024-03-26,Davangere,Tomato,Local,FAQ,1667,2037,1852,50.9
2024-03-26,Karwar,Wheat,Local,FAQ,2606,3186,2896,39.2
2024-03-26,Dharwad,Rice,Local,FAQ,3098,3786,3442,39.6
2024-03-26,Bangalore (Yeshwanthpur),Coconut,Local,FAQ,2423,2961,2692,24.7
2024-03-27,Tumkur,Wheat,Local,FAQ,2110,2580,2345,80.1
2024-03-27,Mysore,Banana,Local,FAQ,2728,3334,3031,43.6
2024-03-27,Gulbarga,Potato,Local,FAQ,940,1148,1044,95.7
2024-03-27,Bellary,Wheat,Local,FAQ,2999,3665,3332,45.9
2024-03-28,Gulbarga,Mango,Local,FAQ,4265,5213,4739,11.8
2024-03-28,Hassan,Coconut,Local,FAQ,2834,3464,3149,89.4
2024-03-28,Belgaum,Banana,Local,FAQ,1892,2312,2102,82.9
2024-03-29,Hubli,Mango,Local,FAQ,3396,4150,3773,56.5
2024-03-29,Bangalore (Yeshwanthpur),Banana,Local,FAQ,2136,2610,2373,32.1
2024-03-29,Gulbarga,Wheat,Local,FAQ,3293,4025,3659,26.3
2024-03-29,Davangere,Onion,Local,FAQ,1625,1987,1806,31.6
2024-03-29,Dharwad,Tomato,Local,FAQ,2077,2539,2308,78.9
2024-03-30,Shimoga,Rice,Local,FAQ,3802,4646,4224,71.5
2024-03-30,Shimoga,Onion,Local,FAQ,1733,2119,1926,47.8
2024-03-30,Gulbarga,Chilli,Local,FAQ,10771,13165,11968,6.2
2024-03-31,Dharwad,Chilli,Local,FAQ,9746,11912,10829,98.2
2024-03-31,Mangalore,Banana,Local,FAQ,1953,2387,2170,82.0
2024-03-31,Bijapur,Coconut,Local,FAQ,1766,2158,1962,46.5
2024-03-31,Mysore,Tomato,Local,FAQ,1456,1780,1618,43.3
2024-03-31,Bellary,Chilli,Local,FAQ,11797,14419,13108,52.0
2024-04-02,Hubli,Banana,Local,FAQ,2121,2593,2357,10.3
2024-04-02,Dharwad,Rice,Local,FAQ,3775,4613,4194,13.0
2024-04-02,Mangalore,Rice,Local,FAQ,4220,5158,4689,35.8
2024-04-02,Raichur,Banana,Local,FAQ,2227,2721,2474,39.3
2024-04-06,Mysore,Banana,Local,FAQ,1964,2400,2182,42.0
2024-04-06,Bellary,Coconut,Local,FAQ,1767,2159,1963,97.9
2024-04-06,Mysore,Chilli,Local,FAQ,8305,10151,9228,91.4
2024-04-07,Dharwad,Rice,Local,FAQ,2792,3412,3102,74.9
2024-04-07,Tumkur,Brinjal,Local,FAQ,1169,1429,1299,94.6
2024-04-07,Bellary,Coconut,Local,FAQ,2560,3130,2845,82.2
2024-04-08,Bijapur,Banana,Local,FAQ,2006,2452,2229,37.4
2024-04-08,Davangere,Tomato,Local,FAQ,1786,2184,1985,55.9
2024-04-08,Dharwad,Banana,Local,FAQ,1502,1836,1669,8.7
2024-04-08,Davangere,Potato,Local,FAQ,1116,1364,1240,9.8
2024-04-09,Davangere,Banana,Local,FAQ,1760,2150,1955,66.7
2024-04-10,Mysore,Brinjal,Local,FAQ,1076,1314,1195,27.8
2024-04-11,Davangere,Onion,Local,FAQ,979,1197,1088,32.1
2024-04-11,Raichur,Mango,Local,FAQ,3118,3812,3465,32.4
2024-04-11,Hassan,Coconut,Local,FAQ,2762,3376,3069,57.2
2024-04-13,Tumkur,Chilli,Local,FAQ,11400,13934,12667,27.3
2024-04-13,Mysore,Onion,Local,FAQ,1504,1838,1671,42.2
2024-04-13,Gulbarga,Coconut,Local,FAQ,2143,2619,2381,14.3
2024-04-14,Bangalore (Yeshwanthpur),Onion,Local,FAQ,1356,1658,1507,73.7
2024-04-14,Bangalore (Yeshwanthpur),Tomato,Local,FAQ,1216,1486,1351,89.4
2024-04-14,Hassan,Potato,Local,FAQ,976,1194,1085,96.4
2024-04-14,Karwar,Banana,Local,FAQ,1685,2059,1872,54.3
2024-04-15,Tumkur,Rice,Local,FAQ,2944,3598,3271,5.5
2024-04-15,Bijapur,Rice,Local,FAQ,4082,4988,4535,73.1
2024-04-15,Bangalore (Yeshwanthpur),Brinjal,Local,FAQ,998,1220,1109,75.0
2024-04-16,Belgaum,Chilli,Local,FAQ,9968,12183,11075,98.3
2024-04-16,Gulbarga,Banana,Local,FAQ,2433,2973,2703,53.6
2024-04-16,Gulbarga,Rice,Local,FAQ,3177,3883,3530,7.1
2024-04-16,Hassan,Rice,Local,FAQ,3830,4682,4256,42.6
2024-04-18,Hassan,Rice,Local,FAQ,4612,5636,5124,8.5
2024-04-18,Dharwad,Banana,Local,FAQ,2252,2752,2502,42.4
2024-04-18,Tumkur,Banana,Local,FAQ,2507,3065,2786,10.9
2024-04-18,Karwar,Chilli,Local,FAQ,7403,9049,8226,79.3
2024-04-18,Belgaum,Onion,Local,FAQ,1339,1637,1488,77.9
2024-04-19,Dharwad,Chilli,Local,FAQ,7102,8680,7891,30.0
2024-04-19,Bangalore (Yeshwanthpur),Wheat,Local,FAQ,2696,3295,2995,18.0
2024-04-20,Tumkur,Potato,Local,FAQ,882,1078,980,93.6
2024-04-20,Shimoga,Brinjal,Local,FAQ,1030,1260,1145,19.7
2024-04-20,Belgaum,Rice,Local,FAQ,3122,3816,3469,73.4
2024-04-21,Hubli,Rice,Local,FAQ,4595,5617,5106,61.9
2024-04-22,Bellary,Tomato,Local,FAQ,2160,2640,2400,84.4
2024-04-22,Belgaum,Wheat,Local,FAQ,2106,2574,2340,58.1
2024-04-22,Raichur,Tomato,Local,FAQ,1541,1883,1712,86.6
2024-04-23,Belgaum,Onion,Local,FAQ,1212,1482,1347,9.1
2024-04-23,Tumkur,Mango,Local,FAQ,2456,3002,2729,37.5
2024-04-23,Karwar,Onion,Local,FAQ,1526,1866,1696,72.9
2024-04-24,Shimoga,Tomato,Local,FAQ,1278,1562,1420,47.6
2024-04-24,Davangere,Banana,Local,FAQ,2288,2796,2542,26.9
2024-04-25,Dharwad,Chilli,Local,FAQ,10883,13301,12092,9.2
2024-04-26,Bangalore (Yeshwanthpur),Potato,Local,FAQ,800,978,889,21.3
2024-04-26,Davangere,Coconut,Local,FAQ,2216,2708,2462,89.4
2024-04-26,Bangalore (Yeshwanthpur),Wheat,Local,FAQ,2956,3612,3284,54.0
2024-04-26,Raichur,Brinjal,Local,FAQ,1284,1570,1427,63.6
2024-04-26,Belgaum,Potato,Local,FAQ,805,983,894,51.0
2024-04-27,Gulbarga,Onion,Local,FAQ,1378,1684,1531,95.2
2024-04-28,Karwar,Chilli,Local,FAQ,7294,8914,8104,31.5
2024-04-28,Gulbarga,Tomato,Local,FAQ,1517,1855,1686,29.1
2024-04-29,Bijapur,Mango,Local,FAQ,3282,4012,3647,66.1
2024-04-29,Hassan,Onion,Local,FAQ,1061,1297,1179,29.8
2024-04-29,Tumkur,Onion,Local,FAQ,1533,1873,1703,5.8
2024-04-29,Gulbarga,Mango,Local,FAQ,3602,4402,4002,45.8
2024-04-29,Mysore,Wheat,Local,FAQ,2233,2729,2481,14.4
2024-04-29,Mangalore,Potato,Local,FAQ,1468,1794,1631,81.6
2024-04-30,Karwar,Banana,Local,FAQ,1814,2216,2015,94.0
2024-04-30,Mangalore,Onion,Local,FAQ,1208,1476,1342,94.8
2024-04-30,Hubli,Tomato,Local,FAQ,1927,2355,2141,97.5
2024-05-01,Mangalore,Rice,Local,FAQ,4317,5277,4797,78.9
2024-05-02,Bijapur,Coconut,Local,FAQ,2164,2644,2404,40.6
2024-05-02,Raichur,Potato,Local,FAQ,738,902,820,5.8
2024-05-02,Bangalore (Yeshwanthpur),Mango,Local,FAQ,3883,4745,4314,75.9
2024-05-02,Dharwad,Coconut,Local,FAQ,1789,2187,1988,22.1
2024-05-03,Karwar,Tomato,Local,FAQ,1602,1958,1780,31.2
2024-05-03,Mangalore,Brinjal,Local,FAQ,1571,1921,1746,92.8
2024-05-03,Gulbarga,Tomato,Local,FAQ,1524,1862,1693,71.7
2024-05-03,Gulbarga,Potato,Local,FAQ,1172,1432,1302,32.3
2024-05-06,Shimoga,Coconut,Local,FAQ,1978,2418,2198,88.3
2024-05-06,Mangalore,Rice,Local,FAQ,3215,3929,3572,20.7
2024-05-07,Mysore,Banana,Local,FAQ,1334,1630,1482,77.5
2024-05-07,Mangalore,Banana,Local,FAQ,1788,2186,1987,29.4
2024-05-07,Mysore,Tomato,Local,FAQ,1360,1662,1511,86.3
2024-05-07,Dharwad,Potato,Local,FAQ,907,1109,1008,64.6
2024-05-07,Karwar,Mango,Local,FAQ,3335,4077,3706,93.0
2024-05-08,Bellary,Coconut,Local,FAQ,1947,2379,2163,14.8
2024-05-08,Shimoga,Chilli,Local,FAQ,8934,10920,9927,80.4
2024-05-09,Mysore,Onion,Local,FAQ,1141,1395,1268,73.1
2024-05-10,Gulbarga,Brinjal,Local,FAQ,1584,1936,1760,63.9
2024-05-10,Shimoga,Wheat,Local,FAQ,2498,3054,2776,25.4
2024-05-10,Hassan,Onion,Local,FAQ,1384,1692,1538,7.5
2024-05-10,Mysore,Wheat,Local,FAQ,2005,2451,2228,94.3
2024-05-10,Dharwad,Wheat,Local,FAQ,2921,3571,3246,91.0
2024-05-11,Dharwad,Chilli,Local,FAQ,10058,12294,11176,88.5
2024-05-11,Tumkur,Tomato,Local,FAQ,1648,2014,1831,97.0
2024-05-11,Mangalore,Onion,Local,FAQ,958,1170,1064,94.0
2024-05-11,Belgaum,Chilli,Local,FAQ,8562,10464,9513,24.0
2024-05-12,Shimoga,Wheat,Local,FAQ,2830,3460,3145,30.7
2024-05-12,Bellary,Chilli,Local,FAQ,8598,10508,9553,69.1
2024-05-12,Dharwad,Coconut,Local,FAQ,2054,2510,2282,76.1
2024-05-13,Bangalore (Yeshwanthpur),Onion,Local,FAQ,1230,1504,1367,64.8
2024-05-13,Gulbarga,Wheat,Local,FAQ,3092,3780,3436,31.2
2024-05-15,Karwar,Brinjal,Local,FAQ,959,1173,1066,44.7
2024-05-16,Davangere,Mango,Local,FAQ,3580,4376,3978,20.9
2024-05-16,Bangalore (Yeshwanthpur),Tomato,Local,FAQ,1199,1465,1332,91.2
2024-05-16,Bijapur,Chilli,Local,FAQ,9230,11281,10255,96.3
2024-05-16,Shimoga,Banana,Local,FAQ,2253,2753,2503,95.4
2024-05-16,Gulbarga,Banana,Local,FAQ,1537,1879,1708,33.7
2024-05-17,Bijapur,Coconut,Local,FAQ,1948,2382,2165,31.0
2024-05-17,Raichur,Mango,Local,FAQ,4000,4888,4444,46.4
2024-05-17,Bijapur,Mango,Local,FAQ,3121,3815,3468,97.6
2024-05-18,Hubli,Chilli,Local,FAQ,7815,9551,8683,77.4
2024-05-19,Davangere,Tomato,Local,FAQ,1628,1990,1809,52.1
2024-05-19,Hassan,Potato,Local,FAQ,734,898,816,86.0
2024-05-19,Bijapur,Brinjal,Local,FAQ,1606,1964,1785,29.7
2024-05-19,Bellary,Brinjal,Local,FAQ,1606,1964,1785,15.7
2024-05-19,Karwar,Tomato,Local,FAQ,1589,1943,1766,65.4
2024-05-19,Shimoga,Coconut,Local,FAQ,2480,3032,2756,82.5
2024-05-20,Belgaum,Brinjal,Local,FAQ,1447,1769,1608,45.2
2024-05-20,Bangalore (Yeshwanthpur),Tomato,Local,FAQ,1773,2167,1970,49.9
2024-05-20,Hubli,Chilli,Local,FAQ,10734,13120,11927,54.3
2024-05-20,Belgaum,Wheat,Local,FAQ,2992,3656,3324,74.3
2024-05-21,Bijapur,Brinjal,Local,FAQ,1092,1334,1213,38.9
2024-05-21,Mangalore,Onion,Local,FAQ,1307,1597,1452,82.8
2024-05-22,Belgaum,Tomato,Local,FAQ,1547,1891,1719,61.3
2024-05-22,Belgaum,Brinjal,Local,FAQ,1411,1725,1568,91.2
2024-05-22,Mangalore,Brinjal,Local,FAQ,1525,1863,1694,31.2
2024-05-22,Tumkur,Potato,Local,FAQ,1235,1509,1372,51.1
2024-05-22,Bijapur,Rice,Local,FAQ,4605,5629,5117,70.8
2024-05-22,Tumkur,Onion,Local,FAQ,1334,1630,1482,45.4
2024-05-23,Mangalore,Brinjal,Local,FAQ,1522,1860,1691,65.8
2024-05-23,Hassan,Wheat,Local,FAQ,2494,3048,2771,48.6
2024-05-24,Davangere,Brinjal,Local,FAQ,1575,1925,1750,52.9
2024-05-24,Gulbarga,Brinjal,Local,FAQ,1350,1650,1500,21.6
2024-05-24,Davangere,Chilli,Local,FAQ,8342,10196,9269,62.6
2024-05-25,Hubli,Rice,Local,FAQ,3412,4170,3791,41.3
2024-05-25,Belgaum,Coconut,Local,FAQ,1664,2034,1849,19.0
2024-05-25,Shimoga,Rice,Local,FAQ,4641,5673,5157,45.5
2024-05-25,Tumkur,Mango,Local,FAQ,4000,4890,4445,38.7
2024-05-26,Bellary,Onion,Local,FAQ,1520,1858,1689,90.8
2024-05-26,Shimoga,Onion,Local,FAQ,1515,1851,1683,16.5
2024-05-27,Mysore,Potato,Local,FAQ,878,1072,975,12.7
2024-05-27,Mangalore,Onion,Local,FAQ,1559,1905,1732,19.8
2024-05-27,Hubli,Coconut,Local,FAQ,2226,2720,2473,61.5
2024-05-27,Bijapur,Potato,Local,FAQ,995,1217,1106,78.4
2024-05-27,Karwar,Tomato,Local,FAQ,1678,2052,1865,75.0
2024-05-28,Hassan,Mango,Local,FAQ,2641,3227,2934,15.4
2024-05-28,Hassan,Coconut,Local,FAQ,2529,3091,2810,34.3
2024-05-28,Shimoga,Rice,Local,FAQ,2847,3479,3163,36.9
2024-05-29,Karwar,Banana,Local,FAQ,1774,2168,1971,57.1
2024-05-29,Davangere,Banana,Local,FAQ,2051,2507,2279,17.6
2024-05-31,Dharwad,Chilli,Local,FAQ,10007,12231,11119,59.4
2024-05-31,Tumkur,Banana,Local,FAQ,2127,2599,2363,27.5
2024-05-31,Mangalore,Potato,Local,FAQ,1142,1396,1269,11.7
2024-05-31,Bellary,Brinjal,Local,FAQ,1099,1343,1221,22.6
2024-05-31,Dharwad,Onion,Local,FAQ,1294,1582,1438,88.2
2024-06-01,Hassan,Onion,Local,FAQ,797,975,886,97.1
2024-06-01,Hassan,Banana,Local,FAQ,1364,1668,1516,70.1
2024-06-01,Mangalore,Potato,Local,FAQ,985,1203,1094,55.3
2024-06-01,Shimoga,Potato,Local,FAQ,712,870,791,82.0
2024-06-01,Hubli,Chilli,Local,FAQ,8054,9844,8949,34.3
2024-06-01,Belgaum,Mango,Local,FAQ,2480,3032,2756,78.3
2024-06-01,Karwar,Potato,Local,FAQ,811,991,901,52.8
2024-06-02,Davangere,Chilli,Local,FAQ,6993,8547,7770,45.7
2024-06-02,Tumkur,Onion,Local,FAQ,1170,1430,1300,94.3
2024-06-02,Gulbarga,Wheat,Local,FAQ,1994,2436,2215,95.7
2024-06-03,Tumkur,Wheat,Local,FAQ,2660,3252,2956,99.5
2024-06-03,Bijapur,Potato,Local,FAQ,779,953,866,24.1
2024-06-03,Davangere,Onion,Local,FAQ,1044,1276,1160,28.4
2024-06-04,Dharwad,Wheat,Local,FAQ,1993,2435,2214,45.6
2024-06-04,Belgaum,Coconut,Local,FAQ,1456,1780,1618,74.0
2024-06-04,Shimoga,Coconut,Local,FAQ,1654,2022,1838,50.0
2024-06-05,Hassan,Tomato,Local,FAQ,1662,2032,1847,75.7
2024-06-05,Hassan,Wheat,Local,FAQ,1958,2394,2176,42.3
2024-06-05,Bijapur,Coconut,Local,FAQ,2187,2673,2430,54.9
2024-06-05,Mangalore,Wheat,Local,FAQ,2411,2947,2679,64.7
2024-06-05,Raichur,Chilli,Local,FAQ,8676,10604,9640,32.3
2024-06-06,Mangalore,Banana,Local,FAQ,1409,1723,1566,59.5
2024-06-06,Karwar,Tomato,Local,FAQ,1482,1812,1647,45.6
2024-06-06,Karwar,Potato,Local,FAQ,1022,1248,1135,77.9
2024-06-07,Bangalore (Yeshwanthpur),Wheat,Local,FAQ,1674,2046,1860,21.9
2024-06-07,Bangalore (Yeshwanthpur),Coconut,Local,FAQ,1270,1552,1411,48.0
2024-06-08,Dharwad,Coconut,Local,FAQ,1808,2210,2009,8.4
2024-06-08,Bangalore (Yeshwanthpur),Banana,Local,FAQ,1851,2263,2057,90.9
2024-06-09,Shimoga,Rice,Local,FAQ,3089,3775,3432,12.6
2024-06-10,Bangalore (Yeshwanthpur),Rice,Local,FAQ,3892,4758,4325,45.0
2024-06-10,Bellary,Rice,Local,FAQ,3532,4316,3924,47.6
2024-06-10,Tumkur,Coconut,Local,FAQ,2049,2505,2277,74.7
2024-06-10,Gulbarga,Banana,Local,FAQ,1684,2058,1871,33.5
2024-06-10,Belgaum,Onion,Local,FAQ,1399,1709,1554,11.0
2024-06-11,Raichur,Tomato,Local,FAQ,1548,1892,1720,75.6
2024-06-11,Raichur,Brinjal,Local,FAQ,1124,1374,1249,89.5
2024-06-12,Hassan,Chilli,Local,FAQ,8127,9933,9030,44.8
2024-06-12,Shimoga,Mango,Local,FAQ,3310,4046,3678,43.0
2024-06-12,Gulbarga,Mango,Local,FAQ,2597,3175,2886,15.9
2024-06-12,Karwar,Potato,Local,FAQ,1100,1344,1222,16.4
2024-06-13,Davangere,Tomato,Local,FAQ,1155,1411,1283,28.5
2024-06-13,Belgaum,Brinjal,Local,FAQ,1140,1394,1267,98.4
2024-06-14,Karwar,Coconut,Local,FAQ,2096,2562,2329,77.0
2024-06-14,Bellary,Coconut,Local,FAQ,1261,1541,1401,92.9
2024-06-15,Hubli,Mango,Local,FAQ,2891,3533,3212,10.4
2024-06-15,Bellary,Banana,Local,FAQ,1514,1850,1682,87.4
2024-06-16,Mangalore,Chilli,Local,FAQ,6814,8328,7571,42.5
2024-06-16,Bellary,Mango,Local,FAQ,1987,2429,2208,71.5
2024-06-16,Dharwad,Rice,Local,FAQ,2348,2870,2609,82.9
2024-06-17,Bellary,Coconut,Local,FAQ,1886,2304,2095,79.2
2024-06-17,Gulbarga,Chilli,Local,FAQ,7429,9079,8254,39.2
2024-06-17,Bangalore (Yeshwanthpur),Banana,Local,FAQ,1328,1624,1476,8.7
2024-06-18,Dharwad,Chilli,Local,FAQ,8082,9878,8980,27.2
2024-06-18,Karwar,Rice,Local,FAQ,2369,2895,2632,97.0
2024-06-18,Mangalore,Potato,Local,FAQ,869,1063,966,57.2
2024-06-18,Hassan,Potato,Local,FAQ,835,1021,928,10.3
2024-06-19,Belgaum,Mango,Local,FAQ,2691,3289,2990,81.3
2024-06-19,Gulbarga,Tomato,Local,FAQ,1055,1289,1172,99.7
2024-06-19,Mangalore,Tomato,Local,FAQ,1652,2020,1836,45.3
2024-06-20,Davangere,Tomato,Local,FAQ,1372,1676,1524,58.7
2024-06-20,Karwar,Mango,Local,FAQ,2738,3346,3042,39.9
2024-06-20,Hassan,Tomato,Local,FAQ,1472,1800,1636,23.2
2024-06-20,Gulbarga,Banana,Local,FAQ,1549,1893,1721,7.2
2024-06-20,Mysore,Banana,Local,FAQ,1462,1788,1625,84.0
2024-06-21,Karwar,Chilli,Local,FAQ,8246,10078,9162,30.4
2024-06-21,Bellary,Tomato,Local,FAQ,1036,1266,1151,17.3
2024-06-22,Bellary,Wheat,Local,FAQ,1597,1951,1774,63.2
2024-06-22,Karwar,Coconut,Local,FAQ,1706,2084,1895,86.3
2024-06-22,Bangalore (Yeshwanthpur),Mango,Local,FAQ,3466,4236,3851,41.0
2024-06-22,Hassan,Tomato,Local,FAQ,1660,2030,1845,65.4
2024-06-23,Dharwad,Banana,Local,FAQ,1931,2361,2146,6.4
2024-06-23,Bijapur,Brinjal,Local,FAQ,877,1071,974,56.0
2024-06-24,Hubli,Rice,Local,FAQ,2584,3158,2871,75.9
2024-06-24,Hassan,Wheat,Local,FAQ,2327,2845,2586,35.9
2024-06-25,Bijapur,Banana,Local,FAQ,1823,2229,2026,15.2
2024-06-25,Bangalore (Yeshwanthpur),Rice,Local,FAQ,3520,4302,3911,47.8
2024-06-26,Hubli,Wheat,Local,FAQ,2292,2802,2547,29.0
2024-06-26,Bangalore (Yeshwanthpur),Coconut,Local,FAQ,1956,2390,2173,58.8
2024-06-26,Raichur,Onion,Local,FAQ,1198,1464,1331,75.4
2024-06-26,Bellary,Onion,Local,FAQ,1336,1634,1485,20.7
2024-06-27,Belgaum,Onion,Local,FAQ,1300,1590,1445,10.7
2024-06-27,Raichur,Potato,Local,FAQ,1030,1260,1145,98.1
2024-06-27,Mangalore,Chilli,Local,FAQ,6929,8469,7699,31.1
2024-06-28,Mysore,Potato,Local,FAQ,954,1166,1060,66.8
2024-06-28,Hubli,Potato,Local,FAQ,1066,1302,1184,13.7
2024-06-28,Davangere,Banana,Local,FAQ,2015,2463,2239,90.4
2024-06-29,Hassan,Chilli,Local,FAQ,5821,7115,6468,61.8
2024-06-29,Raichur,Tomato,Local,FAQ,1106,1352,1229,65.6
2024-06-30,Davangere,Brinjal,Local,FAQ,1334,1630,1482,50.0
2024-06-30,Bangalore (Yeshwanthpur),Chilli,Local,FAQ,8362,10220,9291,49.5
2024-07-01,Bellary,Chilli,Local,FAQ,4315,5273,4794,13.9
2024-07-01,Tumkur,Coconut,Local,FAQ,1072,1310,1191,12.3
2024-07-01,Tumkur,Wheat,Local,FAQ,1955,2389,2172,77.9
2024-07-01,Dharwad,Wheat,Local,FAQ,1561,1907,1734,14.0
2024-07-02,Shimoga,Chilli,Local,FAQ,6473,7911,7192,78.3
2024-07-02,Davangere,Wheat,Local,FAQ,1470,1796,1633,86.0
2024-07-03,Davangere,Banana,Local,FAQ,1536,1878,1707,86.3
2024-07-03,Davangere,Tomato,Local,FAQ,1135,1387,1261,8.7
2024-07-03,Raichur,Onion,Local,FAQ,987,1207,1097,34.7
2024-07-03,Tumkur,Coconut,Local,FAQ,1925,2353,2139,87.3
2024-07-04,Hubli,Onion,Local,FAQ,1131,1383,1257,48.0
2024-07-04,Bellary,Wheat,Local,FAQ,2346,2868,2607,45.2
2024-07-04,Davangere,Tomato,Local,FAQ,1140,1394,1267,63.5
2024-07-05,Tumkur,Mango,Local,FAQ,1926,2354,2140,75.1
2024-07-05,Belgaum,Tomato,Local,FAQ,1279,1563,1421,73.3
2024-07-05,Bijapur,Tomato,Local,FAQ,976,1194,1085,10.1
2024-07-06,Dharwad,Mango,Local,FAQ,2083,2545,2314,53.1
2024-07-06,Dharwad,Rice,Local,FAQ,3415,4173,3794,94.1
2024-07-06,Karwar,Rice,Local,FAQ,2734,3342,3038,24.9
2024-07-06,Mysore,Chilli,Local,FAQ,7879,9629,8754,78.0
2024-07-06,Davangere,Rice,Local,FAQ,2686,3282,2984,99.9
2024-07-06,Dharwad,Chilli,Local,FAQ,6217,7599,6908,99.3
2024-07-07,Raichur,Wheat,Local,FAQ,2213,2705,2459,57.0
2024-07-07,Shimoga,Wheat,Local,FAQ,2164,2644,2404,60.5
2024-07-07,Gulbarga,Chilli,Local,FAQ,6476,7915,7195,5.8
2024-07-07,Bijapur,Rice,Local,FAQ,3073,3755,3414,88.8
2024-07-07,Tumkur,Wheat,Local,FAQ,2304,2816,2560,34.0
2024-07-08,Hassan,Banana,Local,FAQ,1184,1447,1315,51.5
2024-07-09,Hubli,Coconut,Local,FAQ,1569,1917,1743,64.5
2024-07-09,Bellary,Coconut,Local,FAQ,1525,1863,1694,22.3
2024-07-09,Bangalore (Yeshwanthpur),Potato,Local,FAQ,934,1142,1038,45.7
2024-07-09,Bangalore (Yeshwanthpur),Brinjal,Local,FAQ,756,924,840,88.7
2024-07-09,Hassan,Mango,Local,FAQ,1665,2035,1850,97.2
2024-07-09,Hassan,Chilli,Local,FAQ,5620,6868,6244,68.0
2024-07-10,Gulbarga,Brinjal,Local,FAQ,796,974,885,85.0
2024-07-10,Gulbarga,Tomato,Local,FAQ,916,1120,1018,76.5
2024-07-11,Karwar,Mango,Local,FAQ,1966,2402,2184,61.3
2024-07-11,Shimoga,Wheat,Local,FAQ,2314,2828,2571,73.5
2024-07-11,Bellary,Potato,Local,FAQ,687,839,763,78.5
2024-07-11,Karwar,Mango,Local,FAQ,2721,3325,3023,94.3
2024-07-11,Davangere,Brinjal,Local,FAQ,949,1159,1054,40.2
2024-07-12,Shimoga,Chilli,Local,FAQ,4648,5682,5165,22.3
2024-07-12,Raichur,Banana,Local,FAQ,1502,1836,1669,87.3
2024-07-12,Shimoga,Mango,Local,FAQ,2018,2466,2242,70.9
2024-07-13,Shimoga,Mango,Local,FAQ,2938,3592,3265,38.7
2024-07-13,Shimoga,Potato,Local,FAQ,554,676,615,67.7
2024-07-13,Bijapur,Potato,Local,FAQ,573,701,637,33.7
2024-07-13,Belgaum,Chilli,Local,FAQ,5342,6530,5936,70.4
2024-07-13,Dharwad,Rice,Local,FAQ,3103,3793,3448,69.7
2024-07-14,Mangalore,Mango,Local,FAQ,1707,2087,1897,74.0
2024-07-14,Bijapur,Onion,Local,FAQ,734,897,815,47.2
2024-07-15,Hubli,Chilli,Local,FAQ,4725,5775,5250,42.3
2024-07-15,Bellary,Rice,Local,FAQ,2969,3629,3299,7.0
2024-07-15,Hassan,Tomato,Local,FAQ,1097,1341,1219,70.9
2024-07-15,Tumkur,Potato,Local,FAQ,543,663,603,39.4
2024-07-16,Raichur,Potato,Local,FAQ,884,1080,982,47.7
2024-07-16,Belgaum,Onion,Local,FAQ,916,1120,1018,47.4
2024-07-16,Bijapur,Banana,Local,FAQ,1699,2077,1888,94.3
2024-07-16,Mysore,Banana,Local,FAQ,1040,1270,1155,53.9
2024-07-17,Bijapur,Onion,Local,FAQ,1165,1423,1294,37.8
2024-07-17,Shimoga,Rice,Local,FAQ,2034,2486,2260,25.5
2024-07-17,Bangalore (Yeshwanthpur),Rice,Local,FAQ,2280,2786,2533,95.5
2024-07-17,Mangalore,Banana,Local,FAQ,1753,2143,1948,36.9
2024-07-18,Mysore,Onion,Local,FAQ,657,803,730,15.1
2024-07-18,Bangalore (Yeshwanthpur),Onion,Local,FAQ,1163,1421,1292,92.6
2024-07-18,Mangalore,Tomato,Local,FAQ,1481,1811,1646,93.0
2024-07-19,Belgaum,Rice,Local,FAQ,1937,2367,2152,36.0
2024-07-19,Belgaum,Chilli,Local,FAQ,4971,6075,5523,5.6
2024-07-19,Gulbarga,Coconut,Local,FAQ,1102,1346,1224,79.5
2024-07-19,Bijapur,Chilli,Local,FAQ,7691,9401,8546,22.0
2024-07-20,Karwar,Chilli,Local,FAQ,5903,7215,6559,88.6
2024-07-20,Bellary,Mango,Local,FAQ,2603,3181,2892,61.4
2024-07-21,Shimoga,Potato,Local,FAQ,778,950,864,83.1
2024-07-21,Davangere,Banana,Local,FAQ,1430,1748,1589,95.8
2024-07-21,Dharwad,Mango,Local,FAQ,1959,2395,2177,40.3
2024-07-21,Dharwad,Potato,Local,FAQ,782,956,869,80.3
2024-07-21,Belgaum,Brinjal,Local,FAQ,972,1188,1080,81.5
2024-07-22,Hubli,Brinjal,Local,FAQ,818,1000,909,89.7
2024-07-22,Mangalore,Brinjal,Local,FAQ,648,792,720,55.7
2024-07-22,Mysore,Coconut,Local,FAQ,1771,2165,1968,52.1
2024-07-23,Bellary,Brinjal,Local,FAQ,824,1008,916,33.2
2024-07-23,Karwar,Rice,Local,FAQ,2010,2456,2233,36.1
2024-07-23,Shimoga,Potato,Local,FAQ,894,1092,993,62.8
2024-07-23,Mangalore,Wheat,Local,FAQ,1531,1871,1701,30.4
2024-07-25,Tumkur,Banana,Local,FAQ,1494,1826,1660,40.2
2024-07-25,Belgaum,Banana,Local,FAQ,1173,1433,1303,38.2
2024-07-25,Davangere,Potato,Local,FAQ,992,1212,1102,93.1
2024-07-25,Bijapur,Chilli,Local,FAQ,6802,8314,7558,41.5
2024-07-26,Davangere,Mango,Local,FAQ,2923,3573,3248,69.0
2024-07-26,Shimoga,Tomato,Local,FAQ,1207,1475,1341,77.4
2024-07-26,Bellary,Mango,Local,FAQ,2501,3057,2779,33.4
2024-07-26,Hassan,Mango,Local,FAQ,2638,3224,2931,32.2
2024-07-26,Hubli,Wheat,Local,FAQ,2332,2850,2591,6.0
2024-07-27,Bellary,Potato,Local,FAQ,752,919,835,29.3
2024-07-28,Hassan,Potato,Local,FAQ,658,804,731,40.7
2024-07-28,Hubli,Banana,Local,FAQ,1169,1429,1299,20.3
2024-07-28,Belgaum,Rice,Local,FAQ,2248,2748,2498,33.0
2024-07-28,Bijapur,Wheat,Local,FAQ,1388,1696,1542,47.7
2024-07-29,Bangalore (Yeshwanthpur),Onion,Local,FAQ,930,1136,1033,81.8
2024-07-29,Bijapur,Wheat,Local,FAQ,1861,2275,2068,83.7
2024-07-29,Mangalore,Rice,Local,FAQ,2882,3522,3202,35.1
2024-07-29,Gulbarga,Wheat,Local,FAQ,2180,2664,2422,41.5
2024-07-30,Bellary,Potato,Local,FAQ,536,654,595,20.1
2024-07-30,Hubli,Potato,Local,FAQ,728,890,809,71.1
2024-07-31,Hubli,Potato,Local,FAQ,569,695,632,86.2
2024-07-31,Bellary,Banana,Local,FAQ,1366,1670,1518,6.2
2024-07-31,Dharwad,Wheat,Local,FAQ,1794,2192,1993,71.5
2024-08-01,Hubli,Potato,Local,FAQ,702,858,780,45.4
2024-08-01,Bellary,Onion,Local,FAQ,622,760,691,85.9
2024-08-01,Bellary,Mango,Local,FAQ,1857,2269,2063,55.0
2024-08-02,Raichur,Mango,Local,FAQ,1514,1850,1682,41.9
2024-08-02,Gulbarga,Banana,Local,FAQ,1174,1436,1305,26.8
2024-08-03,Bijapur,Tomato,Local,FAQ,1206,1474,1340,27.7
2024-08-03,Mysore,Potato,Local,FAQ,666,814,740,5.5
2024-08-03,Gulbarga,Onion,Local,FAQ,783,957,870,83.9
2024-08-03,Hubli,Coconut,Local,FAQ,1026,1254,1140,81.7
2024-08-04,Bijapur,Tomato,Local,FAQ,1184,1447,1315,77.3
2024-08-04,Belgaum,Wheat,Local,FAQ,1418,1733,1575,48.5
2024-08-05,Dharwad,Mango,Local,FAQ,1927,2355,2141,18.0
2024-08-05,Hassan,Coconut,Local,FAQ,1410,1724,1567,89.6
2024-08-06,Mysore,Coconut,Local,FAQ,1413,1727,1570,49.0
2024-08-06,Mysore,Chilli,Local,FAQ,4051,4951,4501,7.9
2024-08-07,Raichur,Mango,Local,FAQ,1955,2389,2172,69.0
2024-08-07,Bangalore (Yeshwanthpur),Mango,Local,FAQ,2402,2936,2669,13.1
2024-08-07,Dharwad,Wheat,Local,FAQ,1919,2345,2132,21.5
2024-08-08,Davangere,Onion,Local,FAQ,663,811,737,71.0
2024-08-08,Bellary,Mango,Local,FAQ,1645,2011,1828,9.3
2024-08-08,Karwar,Potato,Local,FAQ,598,730,664,96.8
2024-08-09,Shimoga,Banana,Local,FAQ,1535,1877,1706,75.8
2024-08-09,Mangalore,Onion,Local,FAQ,868,1062,965,19.5
2024-08-09,Tumkur,Rice,Local,FAQ,2650,3240,2945,89.5
2024-08-10,Bellary,Potato,Local,FAQ,781,955,868,63.8
2024-08-10,Shimoga,Banana,Local,FAQ,1082,1322,1202,94.8
2024-08-10,Davangere,Coconut,Local,FAQ,1260,1540,1400,78.2
2024-08-11,Davangere,Rice,Local,FAQ,2911,3557,3234,80.0
2024-08-11,Belgaum,Onion,Local,FAQ,781,955,868,28.4
2024-08-11,Karwar,Brinjal,Local,FAQ,816,998,907,33.8
2024-08-12,Dharwad,Banana,Local,FAQ,1090,1332,1211,22.5
2024-08-12,Hassan,Onion,Local,FAQ,908,1110,1009,48.9
2024-08-12,Hassan,Potato,Local,FAQ,664,812,738,43.7
2024-08-13,Hassan,Rice,Local,FAQ,2298,2808,2553,93.8
2024-08-13,Davangere,Chilli,Local,FAQ,5943,7263,6603,9.1
2024-08-13,Raichur,Rice,Local,FAQ,3027,3699,3363,49.8
2024-08-14,Shimoga,Brinjal,Local,FAQ,761,931,846,29.4
2024-08-14,Karwar,Coconut,Local,FAQ,1373,1679,1526,58.5
2024-08-14,Hassan,Onion,Local,FAQ,827,1011,919,35.1
2024-08-14,Shimoga,Tomato,Local,FAQ,1031,1261,1146,39.6
2024-08-14,Bijapur,Onion,Local,FAQ,566,692,629,42.2
2024-08-14,Bijapur,Tomato,Local,FAQ,1205,1473,1339,89.5
2024-08-15,Tumkur,Onion,Local,FAQ,921,1125,1023,80.9
2024-08-15,Karwar,Mango,Local,FAQ,1822,2228,2025,6.9
2024-08-16,Shimoga,Mango,Local,FAQ,1605,1961,1783,12.1
2024-08-16,Hassan,Brinjal,Local,FAQ,970,1186,1078,75.2
2024-08-16,Davangere,Chilli,Local,FAQ,4187,5117,4652,88.7
2024-08-16,Dharwad,Tomato,Local,FAQ,1168,1428,1298,36.9
2024-08-16,Belgaum,Tomato,Local,FAQ,970,1186,1078,26.0
2024-08-17,Tumkur,Mango,Local,FAQ,2092,2556,2324,98.1
2024-08-17,Gulbarga,Potato,Local,FAQ,563,689,626,18.8
2024-08-17,Mangalore,Wheat,Local,FAQ,1361,1663,1512,80.9
2024-08-18,Raichur,Potato,Local,FAQ,638,780,709,56.3
2024-08-18,Tumkur,Potato,Local,FAQ,742,908,825,21.6
2024-08-18,Bangalore (Yeshwanthpur),Chilli,Local,FAQ,5056,6180,5618,89.2
2024-08-19,Bijapur,Potato,Local,FAQ,699,855,777,75.1
2024-08-19,Dharwad,Coconut,Local,FAQ,941,1151,1046,85.9
2024-08-20,Bellary,Coconut,Local,FAQ,1032,1262,1147,65.0
2024-08-20,Bellary,Rice,Local,FAQ,2265,2769,2517,70.2
2024-08-20,Hassan,Wheat,Local,FAQ,1355,1657,1506,53.6
2024-08-20,Raichur,Tomato,Local,FAQ,936,1144,1040,77.3
2024-08-21,Karwar,Onion,Local,FAQ,959,1173,1066,7.6
2024-08-21,Bijapur,Wheat,Local,FAQ,1537,1879,1708,44.1
2024-08-21,Davangere,Chilli,Local,FAQ,6303,7703,7003,76.8
2024-08-21,Mysore,Mango,Local,FAQ,1495,1827,1661,94.3
2024-08-21,Dharwad,Chilli,Local,FAQ,6103,7459,6781,35.7
2024-08-23,Karwar,Onion,Local,FAQ,858,1048,953,45.1
2024-08-23,Tumkur,Coconut,Local,FAQ,1231,1505,1368,80.6
2024-08-23,Hubli,Banana,Local,FAQ,1028,1256,1142,10.6
2024-08-24,Mangalore,Brinjal,Local,FAQ,595,727,661,12.4
2024-08-24,Bangalore (Yeshwanthpur),Potato,Local,FAQ,585,715,650,73.6
2024-08-24,Shimoga,Rice,Local,FAQ,2568,3138,2853,7.6
2024-08-24,Karwar,Onion,Local,FAQ,753,921,837,9.2
2024-08-24,Hassan,Banana,Local,FAQ,950,1160,1055,36.6
2024-08-25,Bellary,Mango,Local,FAQ,2483,3035,2759,27.7
2024-08-25,Hubli,Banana,Local,FAQ,1552,1896,1724,8.1
2024-08-25,Shimoga,Onion,Local,FAQ,812,992,902,32.5
2024-08-25,Gulbarga,Brinjal,Local,FAQ,768,938,853,57.4
2024-08-26,Belgaum,Rice,Local,FAQ,2189,2675,2432,62.9
2024-08-26,Gulbarga,Brinjal,Local,FAQ,663,811,737,74.6
2024-08-26,Bangalore (Yeshwanthpur),Tomato,Local,FAQ,827,1011,919,52.9
2024-08-26,Karwar,Onion,Local,FAQ,1030,1258,1144,20.8
2024-08-27,Bellary,Mango,Local,FAQ,2147,2625,2386,15.9
2024-08-27,Raichur,Tomato,Local,FAQ,959,1173,1066,6.4
2024-08-28,Shimoga,Brinjal,Local,FAQ,696,850,773,16.8
2024-08-29,Shimoga,Potato,Local,FAQ,685,837,761,30.3
2024-08-29,Hubli,Wheat,Local,FAQ,1667,2037,1852,34.2
2024-08-29,Belgaum,Brinjal,Local,FAQ,715,873,794,71.6
2024-08-29,Bellary,Banana,Local,FAQ,1396,1706,1551,13.7
2024-08-31,Tumkur,Wheat,Local,FAQ,1581,1933,1757,67.7
2024-08-31,Bijapur,Tomato,Local,FAQ,1164,1422,1293,62.5
2024-08-31,Tumkur,Chilli,Local,FAQ,4981,6087,5534,29.9
2024-08-31,Davangere,Onion,Local,FAQ,967,1181,1074,55.0
2024-09-01,Mangalore,Rice,Local,FAQ,2799,3421,3110,35.8
2024-09-01,Bellary,Rice,Local,FAQ,1625,1987,1806,63.2
2024-09-02,Shimoga,Banana,Local,FAQ,1248,1526,1387,81.0
2024-09-02,Belgaum,Banana,Local,FAQ,996,1218,1107,29.8
2024-09-02,Belgaum,Mango,Local,FAQ,1920,2346,2133,93.9
2024-09-02,Karwar,Rice,Local,FAQ,2083,2545,2314,93.5
2024-09-02,Davangere,Banana,Local,FAQ,1138,1392,1265,98.8
2024-09-03,Mysore,Chilli,Local,FAQ,6322,7728,7025,52.9
2024-09-04,Dharwad,Mango,Local,FAQ,1922,2350,2136,50.5
2024-09-04,Bijapur,Wheat,Local,FAQ,1637,2001,1819,86.3
2024-09-05,Karwar,Coconut,Local,FAQ,1081,1321,1201,27.7
2024-09-05,Belgaum,Rice,Local,FAQ,1775,2169,1972,35.7
2024-09-05,Hubli,Onion,Local,FAQ,612,748,680,46.7
2024-09-05,Karwar,Mango,Local,FAQ,1530,1870,1700,54.1
2024-09-05,Dharwad,Onion,Local,FAQ,981,1199,1090,51.5
2024-09-05,Hassan,Mango,Local,FAQ,2063,2521,2292,25.7
2024-09-05,Bellary,Brinjal,Local,FAQ,781,955,868,44.3
2024-09-06,Hassan,Onion,Local,FAQ,788,963,875,89.9
2024-09-06,Mangalore,Banana,Local,FAQ,1277,1561,1419,51.9
2024-09-06,Bangalore (Yeshwanthpur),Banana,Local,FAQ,923,1129,1026,81.5
2024-09-06,Mysore,Coconut,Local,FAQ,1027,1255,1141,52.8
2024-09-06,Hubli,Banana,Local,FAQ,1450,1772,1611,30.1
2024-09-07,Tumkur,Rice,Local,FAQ,2125,2597,2361,8.8
2024-09-07,Hubli,Rice,Local,FAQ,2093,2559,2326,80.3
2024-09-08,Bijapur,Mango,Local,FAQ,2386,2916,2651,28.9
2024-09-08,Bijapur,Banana,Local,FAQ,1138,1392,1265,98.6
2024-09-09,Davangere,Onion,Local,FAQ,846,1034,940,60.4
2024-09-09,Shimoga,Brinjal,Local,FAQ,830,1014,922,76.1
2024-09-09,Karwar,Onion,Local,FAQ,881,1077,979,83.7
2024-09-09,Davangere,Brinjal,Local,FAQ,577,705,641,59.7
2024-09-09,Davangere,Rice,Local,FAQ,1952,2386,2169,54.1
2024-09-10,Hubli,Brinjal,Local,FAQ,631,771,701,75.8
2024-09-11,Hassan,Tomato,Local,FAQ,682,834,758,27.2
2024-09-11,Bellary,Tomato,Local,FAQ,875,1069,972,12.6
2024-09-12,Belgaum,Tomato,Local,FAQ,779,953,866,12.3
2024-09-12,Karwar,Coconut,Local,FAQ,1445,1767,1606,63.2
2024-09-13,Karwar,Mango,Local,FAQ,2073,2533,2303,68.2
2024-09-13,Hassan,Brinjal,Local,FAQ,869,1063,966,28.9
2024-09-13,Davangere,Banana,Local,FAQ,1318,1612,1465,19.1
2024-09-14,Hassan,Onion,Local,FAQ,541,661,601,61.2
2024-09-15,Dharwad,Wheat,Local,FAQ,1382,1690,1536,53.3
2024-09-15,Bangalore (Yeshwanthpur),Onion,Local,FAQ,979,1197,1088,53.2
2024-09-16,Bangalore (Yeshwanthpur),Rice,Local,FAQ,2362,2888,2625,73.8
2024-09-16,Karwar,Chilli,Local,FAQ,4895,5983,5439,71.9
2024-09-16,Hassan,Onion,Local,FAQ,598,730,664,61.0
2024-09-17,Shimoga,Tomato,Local,FAQ,1040,1270,1155,7.2
2024-09-17,Mysore,Mango,Local,FAQ,2084,2548,2316,52.5
2024-09-17,Raichur,Coconut,Local,FAQ,1481,1811,1646,53.0
2024-09-17,Gulbarga,Potato,Local,FAQ,736,900,818,95.0
2024-09-18,Shimoga,Rice,Local,FAQ,1736,2122,1929,6.4
2024-09-18,Gulbarga,Tomato,Local,FAQ,970,1186,1078,5.9
2024-09-18,Davangere,Tomato,Local,FAQ,853,1043,948,88.5
2024-09-19,Bijapur,Mango,Local,FAQ,1353,1653,1503,16.5
2024-09-19,Hubli,Onion,Local,FAQ,568,694,631,91.5
2024-09-19,Mangalore,Onion,Local,FAQ,801,979,890,33.9
2024-09-19,Mysore,Tomato,Local,FAQ,924,1130,1027,50.5
2024-09-19,Raichur,Brinjal,Local,FAQ,872,1066,969,41.2
2024-09-19,Hassan,Onion,Local,FAQ,795,971,883,18.0
2024-09-19,Tumkur,Brinjal,Local,FAQ,607,741,674,86.0
2024-09-19,Hubli,Coconut,Local,FAQ,1242,1518,1380,72.9
2024-09-19,Raichur,Banana,Local,FAQ,1156,1412,1284,47.9
2024-09-20,Gulbarga,Chilli,Local,FAQ,6177,7549,6863,28.2
2024-09-20,Dharwad,Brinjal,Local,FAQ,961,1175,1068,60.0
2024-09-20,Tumkur,Potato,Local,FAQ,797,975,886,37.7
2024-09-21,Bijapur,Tomato,Local,FAQ,1086,1328,1207,26.1
2024-09-21,Davangere,Potato,Local,FAQ,463,565,514,6.9
2024-09-21,Davangere,Potato,Local,FAQ,695,849,772,24.5
2024-09-21,Davangere,Wheat,Local,FAQ,1750,2140,1945,73.8
2024-09-22,Hassan,Onion,Local,FAQ,949,1159,1054,14.6
2024-09-23,Bangalore (Yeshwanthpur),Banana,Local,FAQ,1275,1559,1417,19.0
2024-09-23,Hubli,Rice,Local,FAQ,2447,2991,2719,94.6
2024-09-23,Dharwad,Chilli,Local,FAQ,4496,5496,4996,57.0
2024-09-24,Bijapur,Potato,Local,FAQ,556,680,618,5.3
2024-09-24,Belgaum,Mango,Local,FAQ,1750,2140,1945,16.5
2024-09-24,Raichur,Banana,Local,FAQ,1374,1680,1527,81.6
2024-09-24,Davangere,Tomato,Local,FAQ,963,1177,1070,41.0
2024-09-25,Shimoga,Chilli,Local,FAQ,4728,5778,5253,88.0
2024-09-25,Hubli,Brinjal,Local,FAQ,579,707,643,93.2
2024-09-25,Bangalore (Yeshwanthpur),Chilli,Local,FAQ,5190,6344,5767,21.5
2024-09-25,Mysore,Coconut,Local,FAQ,1057,1291,1174,17.4
2024-09-25,Bellary,Brinjal,Local,FAQ,706,862,784,57.4
2024-09-26,Tumkur,Potato,Local,FAQ,444,542,493,60.5
2024-09-27,Gulbarga,Wheat,Local,FAQ,1954,2388,2171,57.6
2024-09-27,Raichur,Potato,Local,FAQ,568,694,631,32.8
2024-09-28,Mangalore,Wheat,Local,FAQ,1283,1569,1426,72.0
2024-09-29,Belgaum,Chilli,Local,FAQ,6304,7704,7004,27.9
2024-09-29,Mangalore,Wheat,Local,FAQ,1604,1960,1782,54.4
2024-09-30,Bangalore (Yeshwanthpur),Potato,Local,FAQ,753,921,837,50.4
2024-09-30,Mangalore,Mango,Local,FAQ,1981,2421,2201,43.3
2024-10-01,Bijapur,Potato,Local,FAQ,660,806,733,84.7
2024-10-01,Raichur,Coconut,Local,FAQ,1178,1440,1309,60.5
2024-10-02,Mysore,Coconut,Local,FAQ,1474,1802,1638,37.2
2024-10-02,Mangalore,Tomato,Local,FAQ,1276,1560,1418,70.4
2024-10-02,Bellary,Tomato,Local,FAQ,1021,1247,1134,91.4
2024-10-03,Shimoga,Potato,Local,FAQ,588,718,653,5.8
2024-10-03,Gulbarga,Brinjal,Local,FAQ,731,893,812,13.6
2024-10-04,Mysore,Potato,Local,FAQ,493,603,548,38.2
2024-10-04,Karwar,Coconut,Local,FAQ,1148,1404,1276,71.1
2024-10-05,Hubli,Onion,Local,FAQ,608,744,676,98.3
2024-10-05,Mangalore,Chilli,Local,FAQ,6075,7425,6750,46.3
2024-10-05,Raichur,Wheat,Local,FAQ,2137,2611,2374,79.7
2024-10-06,Gulbarga,Onion,Local,FAQ,676,826,751,8.8
2024-10-06,Shimoga,Banana,Local,FAQ,1492,1824,1658,54.8
2024-10-06,Bijapur,Wheat,Local,FAQ,2012,2458,2235,29.6
2024-10-07,Bijapur,Coconut,Local,FAQ,1232,1506,1369,84.9
2024-10-07,Hassan,Coconut,Local,FAQ,1529,1869,1699,13.4
2024-10-08,Hubli,Rice,Local,FAQ,1958,2392,2175,16.2
2024-10-08,Hassan,Banana,Local,FAQ,927,1133,1030,15.3
2024-10-08,Bellary,Chilli,Local,FAQ,5744,7020,6382,49.6
2024-10-09,Tumkur,Coconut,Local,FAQ,1138,1390,1264,89.1
2024-10-10,Mysore,Chilli,Local,FAQ,4814,5884,5349,75.1
2024-10-10,Bangalore (Yeshwanthpur),Tomato,Local,FAQ,801,979,890,72.0
2024-10-10,Bangalore (Yeshwanthpur),Wheat,Local,FAQ,1498,1832,1665,28.7
2024-10-11,Shimoga,Brinjal,Local,FAQ,851,1041,946,91.9
2024-10-11,Bellary,Brinjal,Local,FAQ,580,710,645,25.0
2024-10-12,Hubli,Onion,Local,FAQ,932,1140,1036,74.5
2024-10-13,Raichur,Banana,Local,FAQ,1288,1574,1431,6.8
2024-10-13,Belgaum,Wheat,Local,FAQ,1346,1646,1496,82.0
2024-10-13,Belgaum,Mango,Local,FAQ,2190,2676,2433,99.4
2024-10-13,Davangere,Wheat,Local,FAQ,1253,1531,1392,42.2
2024-10-14,Shimoga,Onion,Local,FAQ,1024,1252,1138,39.1
2024-10-14,Davangere,Coconut,Local,FAQ,1526,1865,1695,27.3
2024-10-14,Belgaum,Banana,Local,FAQ,1508,1844,1676,66.5
2024-10-14,Karwar,Coconut,Local,FAQ,1338,1636,1487,71.9
2024-10-14,Belgaum,Tomato,Local,FAQ,777,949,863,28.1
2024-10-14,Karwar,Brinjal,Local,FAQ,664,812,738,82.5
2024-10-15,Bellary,Potato,Local,FAQ,523,639,581,13.6
2024-10-15,Mysore,Chilli,Local,FAQ,5054,6177,5615,99.5
2024-10-15,Tumkur,Banana,Local,FAQ,1192,1458,1325,86.1
2024-10-15,Davangere,Onion,Local,FAQ,931,1137,1034,85.2
2024-10-16,Shimoga,Rice,Local,FAQ,2011,2457,2234,66.9
2024-10-16,Shimoga,Mango,Local,FAQ,2283,2791,2537,77.6
2024-10-16,Raichur,Coconut,Local,FAQ,1315,1607,1461,96.1
2024-10-17,Gulbarga,Tomato,Local,FAQ,852,1042,947,38.2
2024-10-17,Bellary,Potato,Local,FAQ,572,698,635,67.3
2024-10-18,Gulbarga,Tomato,Local,FAQ,1078,1318,1198,20.0
2024-10-18,Bijapur,Rice,Local,FAQ,1951,2385,2168,50.5
2024-10-18,Hassan,Potato,Local,FAQ,778,952,865,19.4
2024-10-19,Raichur,Chilli,Local,FAQ,4059,4961,4510,8.1
2024-10-19,Karwar,Potato,Local,FAQ,825,1009,917,87.1
2024-10-19,Mangalore,Wheat,Local,FAQ,1384,1692,1538,27.1
2024-10-19,Bijapur,Coconut,Local,FAQ,1421,1737,1579,51.9
2024-10-20,Raichur,Tomato,Local,FAQ,940,1150,1045,11.3
2024-10-20,Hassan,Chilli,Local,FAQ,3934,4808,4371,47.6
2024-10-20,Raichur,Brinjal,Local,FAQ,894,1092,993,92.3
2024-10-21,Hubli,Brinjal,Local,FAQ,721,881,801,20.1
2024-10-21,Karwar,Tomato,Local,FAQ,997,1219,1108,82.3
2024-10-21,Mangalore,Potato,Local,FAQ,742,908,825,10.6
2024-10-21,Hassan,Tomato,Local,FAQ,701,857,779,24.5
2024-10-21,Bangalore (Yeshwanthpur),Onion,Local,FAQ,619,757,688,32.4
2024-10-22,Raichur,Onion,Local,FAQ,901,1101,1001,80.3
2024-10-22,Karwar,Coconut,Local,FAQ,1611,1969,1790,89.0
2024-10-22,Hassan,Onion,Local,FAQ,952,1164,1058,51.8
2024-10-23,Hubli,Mango,Local,FAQ,1597,1951,1774,95.8
2024-10-23,Karwar,Brinjal,Local,FAQ,905,1107,1006,82.7
2024-10-23,Davangere,Chilli,Local,FAQ,4727,5777,5252,98.0
2024-10-24,Hassan,Rice,Local,FAQ,2631,3215,2923,22.2
2024-10-24,Raichur,Coconut,Local,FAQ,1040,1272,1156,22.5
2024-10-24,Belgaum,Banana,Local,FAQ,1205,1473,1339,37.4
2024-10-25,Gulbarga,Potato,Local,FAQ,855,1045,950,64.3
2024-10-25,Hubli,Mango,Local,FAQ,2042,2496,2269,20.8
2024-10-25,Shimoga,Tomato,Local,FAQ,1233,1507,1370,89.9
2024-10-25,Tumkur,Tomato,Local,FAQ,1165,1423,1294,20.3
2024-10-25,Gulbarga,Brinjal,Local,FAQ,817,999,908,36.4
2024-10-25,Gulbarga,Mango,Local,FAQ,1613,1971,1792,28.9
2024-10-25,Tumkur,Brinjal,Local,FAQ,924,1130,1027,93.8
2024-10-26,Davangere,Rice,Local,FAQ,2993,3659,3326,20.3
2024-10-26,Bellary,Chilli,Local,FAQ,4984,6092,5538,62.4
2024-10-26,Karwar,Coconut,Local,FAQ,1031,1261,1146,30.0
2024-10-26,Bellary,Potato,Local,FAQ,605,739,672,49.1
2024-10-27,Raichur,Brinjal,Local,FAQ,989,1209,1099,47.0
2024-10-27,Belgaum,Potato,Local,FAQ,544,666,605,15.0
2024-10-27,Tumkur,Mango,Local,FAQ,2442,2984,2713,42.9
2024-10-27,Bangalore (Yeshwanthpur),Potato,Local,FAQ,810,990,900,67.5
2024-10-27,Dharwad,Potato,Local,FAQ,521,637,579,10.3
2024-10-27,Belgaum,Onion,Local,FAQ,854,1044,949,72.8
2024-10-27,Mysore,Mango,Local,FAQ,2370,2896,2633,69.9
2024-10-27,Belgaum,Mango,Local,FAQ,2220,2714,2467,90.2
2024-10-28,Davangere,Rice,Local,FAQ,1896,2318,2107,63.8
2024-10-28,Hubli,Chilli,Local,FAQ,4428,5412,4920,52.9
2024-10-29,Karwar,Coconut,Local,FAQ,1158,1416,1287,37.7
2024-10-29,Belgaum,Rice,Local,FAQ,2075,2537,2306,50.5
2024-10-29,Bellary,Brinjal,Local,FAQ,747,913,830,68.9
2024-10-29,Karwar,Onion,Local,FAQ,830,1014,922,32.5
2024-10-29,Raichur,Chilli,Local,FAQ,5447,6657,6052,42.2
2024-10-29,Bijapur,Rice,Local,FAQ,2489,3043,2766,54.6
2024-10-30,Raichur,Brinjal,Local,FAQ,989,1209,1099,37.2
2024-10-30,Hassan,Brinjal,Local,FAQ,703,859,781,60.9
2024-10-30,Bijapur,Rice,Local,FAQ,2482,3034,2758,17.6
2024-10-30,Karwar,Tomato,Local,FAQ,1200,1466,1333,83.3
2024-10-30,Davangere,Brinjal,Local,FAQ,897,1097,997,86.5
2024-10-31,Bijapur,Banana,Local,FAQ,1088,1330,1209,91.6
2024-11-01,Tumkur,Mango,Local,FAQ,2117,2587,2352,32.9
2024-11-02,Bangalore (Yeshwanthpur),Coconut,Local,FAQ,1305,1595,1450,27.4
2024-11-02,Tumkur,Potato,Local,FAQ,833,1019,926,44.4
2024-11-02,Mysore,Tomato,Local,FAQ,1101,1345,1223,97.0
2024-11-02,Gulbarga,Coconut,Local,FAQ,1293,1581,1437,58.7
2024-11-03,Mangalore,Wheat,Local,FAQ,1747,2135,1941,68.5
2024-11-03,Raichur,Brinjal,Local,FAQ,702,858,780,70.3
2024-11-03,Hubli,Brinjal,Local,FAQ,916,1120,1018,15.4
2024-11-03,Mysore,Coconut,Local,FAQ,1229,1503,1366,71.3
2024-11-04,Belgaum,Brinjal,Local,FAQ,958,1172,1065,5.3
2024-11-04,Bellary,Rice,Local,FAQ,3390,4144,3767,61.1
2024-11-04,Gulbarga,Wheat,Local,FAQ,1977,2417,2197,82.3
2024-11-05,Mysore,Wheat,Local,FAQ,1355,1657,1506,77.6
2024-11-05,Gulbarga,Tomato,Local,FAQ,1120,1370,1245,40.4
2024-11-06,Bijapur,Potato,Local,FAQ,655,801,728,58.8
2024-11-06,Belgaum,Tomato,Local,FAQ,968,1184,1076,72.8
2024-11-06,Tumkur,Potato,Local,FAQ,699,855,777,30.3
2024-11-06,Bangalore (Yeshwanthpur),Rice,Local,FAQ,2500,3056,2778,95.4
2024-11-07,Karwar,Banana,Local,FAQ,1618,1978,1798,81.0
2024-11-07,Davangere,Potato,Local,FAQ,811,991,901,90.3
2024-11-07,Karwar,Potato,Local,FAQ,796,972,884,37.3
2024-11-08,Bellary,Brinjal,Local,FAQ,651,795,723,72.5
2024-11-09,Belgaum,Rice,Local,FAQ,2436,2978,2707,96.5
2024-11-09,Davangere,Brinjal,Local,FAQ,1185,1449,1317,82.2
2024-11-09,Shimoga,Onion,Local,FAQ,1179,1441,1310,19.9
2024-11-09,Bellary,Rice,Local,FAQ,2056,2514,2285,40.4
2024-11-10,Bangalore (Yeshwanthpur),Onion,Local,FAQ,1151,1407,1279,72.5
2024-11-10,Davangere,Onion,Local,FAQ,794,970,882,23.9
2024-11-11,Bijapur,Mango,Local,FAQ,2826,3454,3140,96.5
2024-11-11,Hassan,Mango,Local,FAQ,2743,3353,3048,39.0
2024-11-11,Hubli,Banana,Local,FAQ,1586,1938,1762,68.2
2024-11-11,Belgaum,Wheat,Local,FAQ,1806,2208,2007,83.4
2024-11-11,Shimoga,Coconut,Local,FAQ,1226,1498,1362,78.4
2024-11-12,Mangalore,Chilli,Local,FAQ,4756,5814,5285,17.0
2024-11-12,Hubli,Wheat,Local,FAQ,2362,2886,2624,81.1
2024-11-12,Mysore,Chilli,Local,FAQ,7662,9364,8513,59.7
2024-11-13,Hubli,Banana,Local,FAQ,1092,1334,1213,59.8
2024-11-13,Belgaum,Coconut,Local,FAQ,1908,2332,2120,37.5
2024-11-13,Bellary,Onion,Local,FAQ,1076,1314,1195,61.2
2024-11-14,Raichur,Tomato,Local,FAQ,874,1068,971,86.3
2024-11-14,Belgaum,Tomato,Local,FAQ,1012,1236,1124,52.1
2024-11-14,Mangalore,Onion,Local,FAQ,850,1040,945,35.0
2024-11-14,Bellary,Rice,Local,FAQ,3365,4113,3739,47.0
2024-11-15,Bijapur,Rice,Local,FAQ,3360,4106,3733,59.9
2024-11-15,Davangere,Onion,Local,FAQ,715,873,794,65.9
2024-11-15,Dharwad,Chilli,Local,FAQ,4306,5262,4784,18.3
2024-11-15,Tumkur,Rice,Local,FAQ,2550,3116,2833,96.2
2024-11-15,Mangalore,Wheat,Local,FAQ,1378,1684,1531,60.6
2024-11-15,Shimoga,Brinjal,Local,FAQ,878,1074,976,41.0
2024-11-16,Tumkur,Mango,Local,FAQ,2651,3241,2946,51.6
2024-11-17,Tumkur,Wheat,Local,FAQ,1666,2036,1851,62.6
2024-11-17,Shimoga,Onion,Local,FAQ,783,957,870,84.5
2024-11-18,Karwar,Potato,Local,FAQ,587,717,652,83.0
2024-11-18,Bellary,Onion,Local,FAQ,1178,1440,1309,17.6
2024-11-19,Raichur,Chilli,Local,FAQ,6422,7849,7135,41.7
2024-11-19,Hassan,Rice,Local,FAQ,2336,2856,2596,86.7
2024-11-20,Belgaum,Potato,Local,FAQ,805,983,894,37.3
2024-11-20,Bellary,Onion,Local,FAQ,881,1077,979,23.9
2024-11-20,Tumkur,Rice,Local,FAQ,3326,4065,3695,10.2
2024-11-20,Raichur,Coconut,Local,FAQ,1440,1760,1600,13.9
2024-11-21,Mysore,Potato,Local,FAQ,824,1008,916,10.8
2024-11-21,Mangalore,Coconut,Local,FAQ,1950,2384,2167,19.1
2024-11-22,Tumkur,Tomato,Local,FAQ,1036,1266,1151,69.2
2024-11-22,Hubli,Coconut,Local,FAQ,1932,2362,2147,73.4
2024-11-23,Davangere,Wheat,Local,FAQ,1498,1830,1664,42.8
2024-11-23,Mangalore,Chilli,Local,FAQ,6088,7440,6764,40.4
2024-11-23,Hassan,Banana,Local,FAQ,1318,1612,1465,33.3
2024-11-24,Gulbarga,Potato,Local,FAQ,926,1132,1029,65.6
2024-11-24,Davangere,Mango,Local,FAQ,2668,3260,2964,17.2
2024-11-25,Dharwad,Rice,Local,FAQ,2524,3084,2804,82.5
2024-11-25,Bijapur,Coconut,Local,FAQ,1393,1703,1548,48.4
2024-11-26,Mysore,Mango,Local,FAQ,2653,3243,2948,38.0
2024-11-26,Hubli,Wheat,Local,FAQ,2192,2680,2436,15.3
2024-11-26,Belgaum,Mango,Local,FAQ,1919,2345,2132,71.7
2024-11-27,Gulbarga,Potato,Local,FAQ,555,679,617,13.3
2024-11-27,Davangere,Onion,Local,FAQ,782,956,869,51.7
2024-11-28,Karwar,Coconut,Local,FAQ,1379,1685,1532,56.8
2024-11-28,Davangere,Tomato,Local,FAQ,1448,1770,1609,43.0
2024-11-28,Belgaum,Mango,Local,FAQ,2038,2490,2264,66.1
2024-11-29,Raichur,Wheat,Local,FAQ,1822,2228,2025,61.6
2024-11-29,Hassan,Wheat,Local,FAQ,2349,2871,2610,47.7
2024-11-29,Hassan,Onion,Local,FAQ,700,856,778,97.3
2024-11-29,Hubli,Banana,Local,FAQ,1128,1378,1253,44.7
2024-11-30,Shimoga,Wheat,Local,FAQ,1837,2245,2041,55.3
2024-11-30,Bangalore (Yeshwanthpur),Chilli,Local,FAQ,4739,5793,5266,77.7
2024-11-30,Shimoga,Mango,Local,FAQ,2372,2900,2636,55.3
2024-11-30,Bellary,Banana,Local,FAQ,980,1198,1089,87.7
2024-11-30,Bijapur,Mango,Local,FAQ,2768,3383,3075,5.3
2024-11-30,Tumkur,Coconut,Local,FAQ,1453,1775,1614,61.1
2024-11-30,Dharwad,Mango,Local,FAQ,2723,3329,3026,72.3
2024-11-30,Mangalore,Onion,Local,FAQ,867,1059,963,88.9
2024-12-01,Hubli,Tomato,Local,FAQ,1076,1314,1195,77.5
2024-12-01,Raichur,Onion,Local,FAQ,1340,1638,1489,34.6
2024-12-01,Bangalore (Yeshwanthpur),Chilli,Local,FAQ,6231,7615,6923,96.5
2024-12-01,Mysore,Mango,Local,FAQ,2509,3067,2788,68.7
2024-12-02,Mysore,Banana,Local,FAQ,2066,2524,2295,99.2
2024-12-02,Dharwad,Coconut,Local,FAQ,1812,2214,2013,62.6
2024-12-02,Davangere,Tomato,Local,FAQ,1174,1436,1305,64.4
2024-12-02,Tumkur,Mango,Local,FAQ,1911,2335,2123,47.1
2024-12-03,Hassan,Banana,Local,FAQ,1676,2048,1862,67.1
2024-12-03,Tumkur,Onion,Local,FAQ,1102,1346,1224,81.3
2024-12-03,Bijapur,Onion,Local,FAQ,773,945,859,38.9
2024-12-04,Hassan,Wheat,Local,FAQ,1579,1929,1754,26.4
2024-12-04,Gulbarga,Mango,Local,FAQ,3391,4145,3768,61.8
2024-12-04,Raichur,Onion,Local,FAQ,1142,1396,1269,6.3
2024-12-04,Karwar,Potato,Local,FAQ,896,1094,995,13.0
2024-12-04,Bellary,Tomato,Local,FAQ,986,1204,1095,14.4
2024-12-04,Raichur,Rice,Local,FAQ,2503,3059,2781,13.2
2024-12-05,Bangalore (Yeshwanthpur),Brinjal,Local,FAQ,938,1146,1042,53.3
2024-12-06,Mangalore,Brinjal,Local,FAQ,791,967,879,41.0
2024-12-06,Tumkur,Wheat,Local,FAQ,1952,2386,2169,42.9
2024-12-06,Davangere,Brinjal,Local,FAQ,878,1074,976,29.3
2024-12-06,Mysore,Tomato,Local,FAQ,1221,1493,1357,9.3
2024-12-06,Karwar,Banana,Local,FAQ,1563,1911,1737,92.5
2024-12-06,Hubli,Chilli,Local,FAQ,5810,7101,6455,95.7
2024-12-07,Hubli,Mango,Local,FAQ,3098,3786,3442,56.1
2024-12-07,Mangalore,Coconut,Local,FAQ,2155,2633,2394,81.4
2024-12-07,Bellary,Wheat,Local,FAQ,1652,2019,1835,37.7
2024-12-07,Shimoga,Coconut,Local,FAQ,2164,2646,2405,45.7
2024-12-08,Bellary,Potato,Local,FAQ,1142,1396,1269,65.0
2024-12-09,Gulbarga,Onion,Local,FAQ,1358,1660,1509,94.8
2024-12-09,Hassan,Potato,Local,FAQ,880,1076,978,48.0
2024-12-10,Dharwad,Rice,Local,FAQ,3313,4049,3681,23.3
2024-12-10,Raichur,Brinjal,Local,FAQ,1384,1692,1538,59.7
2024-12-10,Shimoga,Banana,Local,FAQ,1877,2295,2086,18.2
2024-12-10,Hassan,Mango,Local,FAQ,2366,2892,2629,30.2
2024-12-10,Belgaum,Brinjal,Local,FAQ,1400,1711,1555,64.6
2024-12-10,Bijapur,Onion,Local,FAQ,889,1087,988,60.7
2024-12-11,Shimoga,Chilli,Local,FAQ,6176,7548,6862,64.0
2024-12-11,Belgaum,Wheat,Local,FAQ,2920,3568,3244,89.6
2024-12-11,Raichur,Mango,Local,FAQ,2790,3410,3100,34.1
2024-12-11,Hubli,Banana,Local,FAQ,1675,2047,1861,21.7
2024-12-12,Hassan,Onion,Local,FAQ,1112,1358,1235,75.8
2024-12-12,Bangalore (Yeshwanthpur),Brinjal,Local,FAQ,794,970,882,24.9
2024-12-12,Tumkur,Banana,Local,FAQ,1708,2088,1898,98.5
2024-12-12,Tumkur,Tomato,Local,FAQ,1512,1848,1680,93.0
2024-12-13,Bijapur,Potato,Local,FAQ,1165,1423,1294,99.6
2024-12-13,Bijapur,Brinjal,Local,FAQ,1180,1442,1311,95.5
2024-12-13,Gulbarga,Chilli,Local,FAQ,8992,10990,9991,41.5
2024-12-14,Davangere,Rice,Local,FAQ,3794,4636,4215,37.1
2024-12-14,Karwar,Chilli,Local,FAQ,8711,10647,9679,60.5
2024-12-14,Bijapur,Rice,Local,FAQ,2752,3364,3058,71.2
2024-12-15,Bangalore (Yeshwanthpur),Chilli,Local,FAQ,6487,7929,7208,34.4
2024-12-15,Karwar,Wheat,Local,FAQ,2412,2948,2680,58.9
2024-12-15,Davangere,Mango,Local,FAQ,2754,3366,3060,48.0
2024-12-15,Shimoga,Brinjal,Local,FAQ,945,1155,1050,49.1
2024-12-15,Shimoga,Potato,Local,FAQ,914,1118,1016,67.2
2024-12-15,Dharwad,Brinjal,Local,FAQ,1328,1623,1475,50.6
2024-12-17,Hubli,Onion,Local,FAQ,824,1008,916,41.5
2024-12-17,Bijapur,Wheat,Local,FAQ,2260,2762,2511,72.6
2024-12-17,Shimoga,Potato,Local,FAQ,738,902,820,39.1
2024-12-17,Shimoga,Rice,Local,FAQ,3001,3667,3334,44.2
2024-12-17,Belgaum,Wheat,Local,FAQ,1627,1989,1808,48.5
2024-12-18,Dharwad,Chilli,Local,FAQ,7417,9065,8241,73.0
2024-12-18,Bellary,Coconut,Local,FAQ,2038,2490,2264,48.5
2024-12-18,Gulbarga,Banana,Local,FAQ,1961,2397,2179,78.8
2024-12-19,Hassan,Banana,Local,FAQ,1738,2124,1931,38.9
2024-12-19,Shimoga,Potato,Local,FAQ,904,1106,1005,93.7
2024-12-19,Shimoga,Tomato,Local,FAQ,1408,1722,1565,41.2
2024-12-19,Belgaum,Tomato,Local,FAQ,963,1177,1070,78.3
2024-12-20,Hassan,Banana,Local,FAQ,1413,1727,1570,92.4
2024-12-20,Shimoga,Banana,Local,FAQ,1616,1976,1796,18.9
2024-12-20,Bijapur,Tomato,Local,FAQ,1037,1267,1152,72.0
2024-12-20,Tumkur,Chilli,Local,FAQ,9332,11406,10369,95.5
2024-12-21,Karwar,Potato,Local,FAQ,1122,1372,1247,23.4
2024-12-22,Hassan,Rice,Local,FAQ,2822,3450,3136,26.1
2024-12-22,Mysore,Mango,Local,FAQ,2820,3446,3133,74.2
2024-12-22,Dharwad,Rice,Local,FAQ,3002,3669,3335,82.6
2024-12-22,Mangalore,Brinjal,Local,FAQ,997,1219,1108,69.2
2024-12-23,Shimoga,Wheat,Local,FAQ,2442,2984,2713,81.7
2024-12-24,Hubli,Onion,Local,FAQ,1138,1390,1264,38.4
2024-12-24,Bijapur,Wheat,Local,FAQ,2256,2758,2507,44.0
2024-12-24,Dharwad,Wheat,Local,FAQ,2080,2542,2311,11.4
2024-12-24,Raichur,Brinjal,Local,FAQ,766,936,851,83.1
2024-12-25,Mangalore,Brinjal,Local,FAQ,1255,1533,1394,78.3
2024-12-25,Hubli,Onion,Local,FAQ,1007,1231,1119,97.3
2024-12-26,Bellary,Mango,Local,FAQ,3029,3703,3366,47.1
2024-12-26,Karwar,Chilli,Local,FAQ,8246,10078,9162,62.6
2024-12-26,Raichur,Potato,Local,FAQ,640,782,711,32.8
2024-12-27,Bangalore (Yeshwanthpur),Mango,Local,FAQ,1988,2430,2209,99.7
2024-12-28,Dharwad,Mango,Local,FAQ,3233,3951,3592,90.2
2024-12-28,Gulbarga,Mango,Local,FAQ,2762,3376,3069,42.7
2024-12-29,Bangalore (Yeshwanthpur),Wheat,Local,FAQ,2248,2748,2498,16.1
2024-12-29,Mangalore,Mango,Local,FAQ,3380,4130,3755,71.9
2024-12-29,Davangere,Brinjal,Local,FAQ,1055,1289,1172,34.0
2024-12-29,Dharwad,Onion,Local,FAQ,811,991,901,30.6
2024-12-29,Mangalore,Tomato,Local,FAQ,1016,1242,1129,44.2
2024-12-29,Hubli,Chilli,Local,FAQ,6924,8462,7693,99.2
2024-12-29,Davangere,Banana,Local,FAQ,1565,1913,1739,30.5
2024-12-30,Tumkur,Chilli,Local,FAQ,6206,7586,6896,97.2
2024-12-30,Shimoga,Banana,Local,FAQ,1247,1525,1386,15.6
2024-12-30,Davangere,Wheat,Local,FAQ,2863,3499,3181,40.4
2024-12-31,Davangere,Mango,Local,FAQ,3302,4036,3669,40.0
2024-12-31,Karwar,Tomato,Local,FAQ,1515,1851,1683,17.1
2024-12-31,Gulbarga,Tomato,Local,FAQ,1687,2061,1874,42.4
2024-12-31,Davangere,Mango,Local,FAQ,3462,4232,3847,79.1
2025-01-01,Raichur,Coconut,Local,FAQ,2216,2708,2462,62.8
2025-01-02,Belgaum,Wheat,Local,FAQ,3120,3814,3467,68.6
2025-01-02,Belgaum,Banana,Local,FAQ,1834,2242,2038,87.7
2025-01-03,Davangere,Chilli,Local,FAQ,5998,7332,6665,65.5
2025-01-03,Mysore,Brinjal,Local,FAQ,1476,1804,1640,40.9
2025-01-03,Davangere,Banana,Local,FAQ,2371,2897,2634,49.1
2025-01-03,Gulbarga,Mango,Local,FAQ,2514,3072,2793,13.8
2025-01-03,Bijapur,Mango,Local,FAQ,2186,2672,2429,78.4
2025-01-04,Tumkur,Wheat,Local,FAQ,2729,3335,3032,29.0
2025-01-05,Shimoga,Rice,Local,FAQ,4067,4971,4519,73.4
2025-01-05,Raichur,Wheat,Local,FAQ,2499,3055,2777,86.2
2025-01-05,Karwar,Rice,Local,FAQ,3453,4221,3837,11.9
2025-01-06,Tumkur,Banana,Local,FAQ,1825,2231,2028,55.9
2025-01-06,Bellary,Mango,Local,FAQ,3766,4602,4184,33.4
2025-01-07,Bangalore (Yeshwanthpur),Mango,Local,FAQ,2517,3077,2797,59.5
2025-01-07,Tumkur,Wheat,Local,FAQ,2466,3014,2740,36.4
2025-01-07,Bangalore (Yeshwanthpur),Potato,Local,FAQ,773,945,859,94.1
2025-01-07,Hassan,Chilli,Local,FAQ,8163,9977,9070,76.7
2025-01-08,Hassan,Mango,Local,FAQ,2351,2873,2612,69.6
2025-01-08,Mangalore,Chilli,Local,FAQ,5935,7253,6594,30.4
2025-01-09,Dharwad,Chilli,Local,FAQ,9715,11873,10794,31.1
2025-01-09,Karwar,Mango,Local,FAQ,3656,4468,4062,99.6
2025-01-10,Mysore,Wheat,Local,FAQ,1833,2241,2037,17.6
2025-01-10,Hassan,Mango,Local,FAQ,2351,2873,2612,15.4
2025-01-10,Karwar,Chilli,Local,FAQ,5905,7217,6561,52.7
2025-01-10,Hassan,Mango,Local,FAQ,3987,4873,4430,36.6
2025-01-11,Gulbarga,Rice,Local,FAQ,3069,3751,3410,18.6
2025-01-11,Raichur,Rice,Local,FAQ,3739,4569,4154,54.6
2025-01-12,Tumkur,Chilli,Local,FAQ,6465,7901,7183,7.2
2025-01-14,Dharwad,Potato,Local,FAQ,1183,1445,1314,48.6
2025-01-14,Shimoga,Wheat,Local,FAQ,3132,3828,3480,26.1
2025-01-14,Gulbarga,Wheat,Local,FAQ,3123,3817,3470,9.2
2025-01-14,Bangalore (Yeshwanthpur),Potato,Local,FAQ,1205,1473,1339,37.0
2025-01-14,Karwar,Potato,Local,FAQ,1301,1591,1446,21.0
2025-01-14,Dharwad,Chilli,Local,FAQ,7522,9194,8358,96.8
2025-01-14,Hassan,Onion,Local,FAQ,1199,1465,1332,64.3
2025-01-15,Bijapur,Chilli,Local,FAQ,6248,7636,6942,56.2
2025-01-16,Shimoga,Banana,Local,FAQ,1790,2188,1989,89.2
2025-01-16,Bijapur,Rice,Local,FAQ,4121,5037,4579,82.0
2025-01-16,Mysore,Coconut,Local,FAQ,2524,3084,2804,79.3
2025-01-16,Dharwad,Rice,Local,FAQ,2719,3323,3021,41.2
2025-01-16,Hassan,Mango,Local,FAQ,3676,4494,4085,19.8
2025-01-17,Gulbarga,Rice,Local,FAQ,3113,3805,3459,10.4
2025-01-17,Dharwad,Banana,Local,FAQ,1807,2209,2008,15.5
2025-01-17,Mysore,Mango,Local,FAQ,2383,2913,2648,78.8
2025-01-17,Tumkur,Wheat,Local,FAQ,3112,3804,3458,13.9
2025-01-17,Hassan,Rice,Local,FAQ,3342,4084,3713,65.6
2025-01-18,Davangere,Coconut,Local,FAQ,2650,3240,2945,81.8
2025-01-18,Tumkur,Potato,Local,FAQ,992,1212,1102,37.4
2025-01-19,Tumkur,Coconut,Local,FAQ,2347,2869,2608,5.1
2025-01-19,Mysore,Mango,Local,FAQ,2630,3214,2922,67.0
2025-01-19,Karwar,Rice,Local,FAQ,4360,5330,4845,30.1
2025-01-19,Davangere,Potato,Local,FAQ,871,1065,968,94.8
2025-01-20,Davangere,Coconut,Local,FAQ,1641,2005,1823,18.2
2025-01-20,Gulbarga,Onion,Local,FAQ,1130,1382,1256,51.6
2025-01-20,Gulbarga,Wheat,Local,FAQ,2075,2537,2306,25.0
2025-01-20,Raichur,Coconut,Local,FAQ,2068,2528,2298,69.4
2025-01-21,Mangalore,Banana,Local,FAQ,1770,2164,1967,91.3
2025-01-21,Belgaum,Potato,Local,FAQ,1014,1240,1127,68.6
2025-01-22,Bellary,Banana,Local,FAQ,1926,2354,2140,94.4
2025-01-22,Tumkur,Banana,Local,FAQ,2018,2466,2242,62.6
2025-01-22,Belgaum,Rice,Local,FAQ,3077,3761,3419,30.1
2025-01-23,Bangalore (Yeshwanthpur),Brinjal,Local,FAQ,1546,1890,1718,78.5
2025-01-23,Hubli,Coconut,Local,FAQ,2031,2483,2257,64.5
2025-01-24,Mysore,Wheat,Local,FAQ,3291,4023,3657,63.5
2025-01-24,Bijapur,Brinjal,Local,FAQ,1097,1341,1219,29.0
2025-01-24,Bangalore (Yeshwanthpur),Mango,Local,FAQ,4004,4894,4449,51.4
2025-01-25,Karwar,Mango,Local,FAQ,2333,2851,2592,54.1
2025-01-25,Mangalore,Rice,Local,FAQ,3524,4308,3916,38.7
2025-01-25,Tumkur,Wheat,Local,FAQ,2912,3559,3235,28.0
2025-01-26,Shimoga,Wheat,Local,FAQ,2650,3238,2944,5.6
2025-01-26,Karwar,Wheat,Local,FAQ,1819,2223,2021,69.2
2025-01-26,Bellary,Coconut,Local,FAQ,2051,2507,2279,79.8
2025-01-26,Belgaum,Banana,Local,FAQ,1601,1957,1779,70.5
2025-01-26,Mysore,Chilli,Local,FAQ,8858,10826,9842,19.1
2025-01-27,Bangalore (Yeshwanthpur),Banana,Local,FAQ,1354,1656,1505,34.6
2025-01-27,Bangalore (Yeshwanthpur),Banana,Local,FAQ,2314,2828,2571,41.5
2025-01-28,Shimoga,Mango,Local,FAQ,3490,4266,3878,94.2
2025-01-28,Tumkur,Coconut,Local,FAQ,2497,3051,2774,92.6
2025-01-29,Gulbarga,Onion,Local,FAQ,1243,1519,1381,81.1
2025-01-29,Dharwad,Banana,Local,FAQ,2384,2914,2649,35.8
2025-01-29,Hassan,Potato,Local,FAQ,1288,1574,1431,70.0
2025-01-29,Hubli,Brinjal,Local,FAQ,943,1153,1048,86.9
2025-01-29,Bangalore (Yeshwanthpur),Potato,Local,FAQ,1235,1509,1372,69.9
2025-01-29,Raichur,Wheat,Local,FAQ,2383,2913,2648,71.1
2025-01-30,Gulbarga,Tomato,Local,FAQ,1371,1675,1523,11.5
2025-01-31,Dharwad,Banana,Local,FAQ,2407,2941,2674,68.5
2025-01-31,Raichur,Brinjal,Local,FAQ,1466,1792,1629,72.0
2025-01-31,Gulbarga,Banana,Local,FAQ,1964,2400,2182,40.8
2025-02-01,Bangalore (Yeshwanthpur),Chilli,Local,FAQ,8517,10409,9463,27.4
2025-02-01,Hassan,Rice,Local,FAQ,4451,5441,4946,26.6
2025-02-01,Dharwad,Wheat,Local,FAQ,3062,3742,3402,80.1
2025-02-01,Dharwad,Brinjal,Local,FAQ,986,1204,1095,97.1
2025-02-01,Bangalore (Yeshwanthpur),Banana,Local,FAQ,2516,3075,2795,73.5
2025-02-01,Bijapur,Wheat,Local,FAQ,2579,3153,2866,36.0
2025-02-02,Bellary,Banana,Local,FAQ,2127,2599,2363,13.0
2025-02-02,Bijapur,Mango,Local,FAQ,4281,5233,4757,86.7
2025-02-02,Raichur,Chilli,Local,FAQ,6808,8322,7565,11.7
2025-02-02,Shimoga,Mango,Local,FAQ,3413,4171,3792,24.8
2025-02-02,Mangalore,Tomato,Local,FAQ,1635,1999,1817,80.6
2025-02-03,Bellary,Brinjal,Local,FAQ,1202,1469,1335,6.5
2025-02-03,Karwar,Mango,Local,FAQ,3236,3956,3596,46.5
2025-02-04,Bijapur,Brinjal,Local,FAQ,997,1219,1108,84.3
2025-02-04,Bellary,Coconut,Local,FAQ,2173,2655,2414,24.8
2025-02-04,Belgaum,Chilli,Local,FAQ,6667,8149,7408,70.3
2025-02-05,Davangere,Wheat,Local,FAQ,3199,3909,3554,8.2
2025-02-05,Bangalore (Yeshwanthpur),Tomato,Local,FAQ,1402,1714,1558,74.5
2025-02-05,Shimoga,Brinjal,Local,FAQ,1443,1763,1603,51.4
2025-02-05,Tumkur,Potato,Local,FAQ,1299,1587,1443,13.9
2025-02-05,Hassan,Tomato,Local,FAQ,2097,2563,2330,11.8
2025-02-06,Mangalore,Brinjal,Local,FAQ,1490,1821,1655,85.9
2025-02-06,Belgaum,Banana,Local,FAQ,2440,2982,2711,50.9
2025-02-06,Mysore,Coconut,Local,FAQ,1989,2431,2210,78.3
2025-02-06,Bijapur,Mango,Local,FAQ,3767,4605,4186,45.9
2025-02-07,Davangere,Potato,Local,FAQ,1124,1374,1249,91.2
2025-02-08,Tumkur,Potato,Local,FAQ,842,1030,936,29.9
2025-02-08,Bijapur,Mango,Local,FAQ,2977,3639,3308,48.6
2025-02-08,Bijapur,Potato,Local,FAQ,1196,1462,1329,55.9
2025-02-08,Bangalore (Yeshwanthpur),Potato,Local,FAQ,1118,1366,1242,41.9
2025-02-09,Karwar,Banana,Local,FAQ,2439,2981,2710,93.6
2025-02-09,Shimoga,Potato,Local,FAQ,914,1118,1016,24.3
2025-02-09,Karwar,Mango,Local,FAQ,4226,5166,4696,80.5
2025-02-09,Bijapur,Brinjal,Local,FAQ,1315,1607,1461,92.3
2025-02-10,Mysore,Mango,Local,FAQ,4236,5178,4707,99.3
2025-02-10,Shimoga,Potato,Local,FAQ,824,1007,915,39.5
2025-02-10,Davangere,Coconut,Local,FAQ,2159,2639,2399,46.6
2025-02-11,Raichur,Coconut,Local,FAQ,2068,2528,2298,36.7
2025-02-11,Bangalore (Yeshwanthpur),Rice,Local,FAQ,3274,4002,3638,52.1
2025-02-11,Bangalore (Yeshwanthpur),Chilli,Local,FAQ,9230,11282,10256,97.2
2025-02-12,Davangere,Tomato,Local,FAQ,1369,1673,1521,16.2
2025-02-12,Raichur,Tomato,Local,FAQ,1624,1986,1805,47.4
2025-02-13,Mangalore,Wheat,Local,FAQ,2362,2888,2625,37.6
2025-02-13,Tumkur,Chilli,Local,FAQ,11019,13467,12243,52.2
2025-02-13,Davangere,Brinjal,Local,FAQ,1122,1372,1247,84.7
2025-02-14,Raichur,Wheat,Local,FAQ,2346,2868,2607,81.5
2025-02-14,Hubli,Brinjal,Local,FAQ,1352,1652,1502,8.5
2025-02-14,Dharwad,Onion,Local,FAQ,1468,1794,1631,19.8
2025-02-15,Raichur,Rice,Local,FAQ,4624,5652,5138,77.1
2025-02-15,Raichur,Wheat,Local,FAQ,2536,3100,2818,22.7
2025-02-15,Shimoga,Banana,Local,FAQ,1522,1860,1691,78.2
2025-02-16,Hubli,Mango,Local,FAQ,2871,3509,3190,72.2
2025-02-17,Bellary,Chilli,Local,FAQ,11606,14186,12896,68.8
2025-02-17,Karwar,Banana,Local,FAQ,1912,2336,2124,7.0
2025-02-17,Davangere,Chilli,Local,FAQ,9689,11843,10766,27.3
2025-02-17,Bijapur,Wheat,Local,FAQ,2822,3449,3135,7.4
2025-02-17,Tumkur,Wheat,Local,FAQ,3025,3697,3361,85.6
2025-02-19,Mysore,Rice,Local,FAQ,4096,5006,4551,66.2
2025-02-19,Raichur,Wheat,Local,FAQ,2555,3123,2839,37.4
2025-02-20,Bellary,Coconut,Local,FAQ,1747,2135,1941,38.0
2025-02-20,Bellary,Rice,Local,FAQ,5068,6194,5631,23.6
2025-02-20,Davangere,Chilli,Local,FAQ,10328,12624,11476,51.4
2025-02-21,Mangalore,Onion,Local,FAQ,1269,1551,1410,37.5
2025-02-21,Bijapur,Chilli,Local,FAQ,6910,8446,7678,13.9
2025-02-21,Mangalore,Wheat,Local,FAQ,3394,4148,3771,11.7
2025-02-21,Mangalore,Wheat,Local,FAQ,2627,3211,2919,57.3
2025-02-21,Tumkur,Wheat,Local,FAQ,2492,3046,2769,86.5
2025-02-21,Bijapur,Banana,Local,FAQ,1877,2295,2086,94.0
2025-02-23,Shimoga,Brinjal,Local,FAQ,1695,2071,1883,79.4
2025-02-23,Bellary,Mango,Local,FAQ,2876,3516,3196,9.4
2025-02-23,Bellary,Coconut,Local,FAQ,2685,3281,2983,85.8
2025-02-23,Bangalore (Yeshwanthpur),Coconut,Local,FAQ,2624,3207,2915,93.8
2025-02-24,Gulbarga,Coconut,Local,FAQ,2094,2560,2327,14.0
2025-02-24,Mysore,Mango,Local,FAQ,3107,3797,3452,61.7
2025-02-25,Mangalore,Wheat,Local,FAQ,3432,4194,3813,55.6
2025-02-25,Bellary,Tomato,Local,FAQ,1484,1814,1649,99.2
2025-02-25,Belgaum,Potato,Local,FAQ,998,1220,1109,32.9
2025-02-25,Dharwad,Rice,Local,FAQ,5129,6269,5699,9.3
2025-02-26,Tumkur,Chilli,Local,FAQ,11466,14014,12740,41.3
2025-02-26,Karwar,Mango,Local,FAQ,2953,3609,3281,73.0
2025-02-26,Hubli,Onion,Local,FAQ,1056,1290,1173,68.8
2025-02-26,Shimoga,Banana,Local,FAQ,1940,2372,2156,70.9
2025-02-27,Bangalore (Yeshwanthpur),Potato,Local,FAQ,1295,1583,1439,6.0
2025-02-27,Mysore,Potato,Local,FAQ,911,1113,1012,30.4
2025-02-27,Mangalore,Coconut,Local,FAQ,2768,3383,3075,93.9
2025-02-28,Bijapur,Potato,Local,FAQ,1449,1771,1610,20.3
2025-02-28,Tumkur,Onion,Local,FAQ,1023,1251,1137,74.6
2025-02-28,Dharwad,Coconut,Local,FAQ,2002,2448,2225,74.0
2025-03-01,Davangere,Brinjal,Local,FAQ,1759,2149,1954,58.6
2025-03-01,Davangere,Onion,Local,FAQ,1446,1768,1607,93.7
2025-03-02,Belgaum,Rice,Local,FAQ,4972,6076,5524,33.0
2025-03-02,Davangere,Brinjal,Local,FAQ,1522,1860,1691,14.5
2025-03-03,Bangalore (Yeshwanthpur),Potato,Local,FAQ,1023,1251,1137,27.7
2025-03-03,Bangalore (Yeshwanthpur),Tomato,Local,FAQ,1533,1873,1703,60.3
2025-03-03,Hassan,Chilli,Local,FAQ,6952,8496,7724,19.3
2025-03-03,Raichur,Mango,Local,FAQ,3076,3760,3418,48.9
2025-03-04,Hubli,Potato,Local,FAQ,1442,1762,1602,22.9
2025-03-04,Raichur,Banana,Local,FAQ,1493,1825,1659,42.8
2025-03-04,Karwar,Chilli,Local,FAQ,8222,10048,9135,18.5
2025-03-05,Raichur,Wheat,Local,FAQ,2527,3089,2808,16.8
2025-03-05,Dharwad,Banana,Local,FAQ,2538,3102,2820,21.1
2025-03-06,Tumkur,Potato,Local,FAQ,1052,1286,1169,49.7
2025-03-06,Bangalore (Yeshwanthpur),Potato,Local,FAQ,1176,1438,1307,19.9
2025-03-06,Gulbarga,Rice,Local,FAQ,2885,3527,3206,24.4
2025-03-06,Bijapur,Onion,Local,FAQ,1649,2015,1832,59.8
2025-03-07,Davangere,Wheat,Local,FAQ,3396,4150,3773,44.3
2025-03-07,Davangere,Tomato,Local,FAQ,1681,2055,1868,94.5
2025-03-07,Hassan,Banana,Local,FAQ,2577,3149,2863,88.4
2025-03-07,Bangalore (Yeshwanthpur),Brinjal,Local,FAQ,1245,1521,1383,40.8
2025-03-08,Gulbarga,Rice,Local,FAQ,3524,4306,3915,64.3
2025-03-08,Bijapur,Tomato,Local,FAQ,1759,2149,1954,10.9
2025-03-09,Dharwad,Banana,Local,FAQ,2464,3012,2738,8.6
2025-03-09,Mangalore,Tomato,Local,FAQ,2252,2752,2502,59.3
2025-03-09,Mangalore,Onion,Local,FAQ,1305,1595,1450,30.9
2025-03-09,Dharwad,Potato,Local,FAQ,871,1065,968,7.8
2025-03-10,Tumkur,Coconut,Local,FAQ,2791,3411,3101,98.3
2025-03-10,Raichur,Wheat,Local,FAQ,3747,4579,4163,79.6
2025-03-11,Gulbarga,Onion,Local,FAQ,1429,1747,1588,57.1
2025-03-11,Mysore,Coconut,Local,FAQ,2224,2718,2471,8.7
2025-03-11,Gulbarga,Coconut,Local,FAQ,2632,3218,2925,47.9
2025-03-11,Belgaum,Brinjal,Local,FAQ,1105,1351,1228,54.4
2025-03-12,Hassan,Mango,Local,FAQ,3730,4558,4144,100.0
2025-03-12,Karwar,Potato,Local,FAQ,826,1010,918,29.5
2025-03-12,Bellary,Brinjal,Local,FAQ,994,1214,1104,39.3
2025-03-12,Hassan,Banana,Local,FAQ,1629,1991,1810,93.0
2025-03-13,Karwar,Tomato,Local,FAQ,2100,2566,2333,89.6
2025-03-13,Davangere,Tomato,Local,FAQ,1439,1759,1599,76.1
2025-03-15,Bellary,Banana,Local,FAQ,2038,2492,2265,72.1
2025-03-16,Mysore,Coconut,Local,FAQ,2493,3047,2770,28.5
2025-03-16,Belgaum,Tomato,Local,FAQ,2046,2500,2273,71.0
2025-03-16,Raichur,Onion,Local,FAQ,1412,1726,1569,60.2
2025-03-17,Hassan,Brinjal,Local,FAQ,1206,1474,1340,96.9
2025-03-18,Bijapur,Rice,Local,FAQ,5309,6489,5899,56.6
2025-03-18,Shimoga,Wheat,Local,FAQ,3262,3986,3624,63.3
2025-03-18,Mangalore,Tomato,Local,FAQ,1375,1681,1528,55.7
2025-03-19,Belgaum,Banana,Local,FAQ,1855,2267,2061,73.7
2025-03-20,Shimoga,Wheat,Local,FAQ,2955,3611,3283,71.5
2025-03-20,Hubli,Wheat,Local,FAQ,2092,2558,2325,24.1
2025-03-22,Gulbarga,Rice,Local,FAQ,3625,4431,4028,69.8
2025-03-22,Mangalore,Potato,Local,FAQ,1380,1686,1533,64.9
2025-03-22,Bellary,Coconut,Local,FAQ,2483,3035,2759,97.6
2025-03-22,Belgaum,Rice,Local,FAQ,5156,6302,5729,29.5
2025-03-22,Belgaum,Coconut,Local,FAQ,2398,2932,2665,17.9
2025-03-23,Shimoga,Onion,Local,FAQ,1724,2108,1916,55.3
2025-03-24,Raichur,Banana,Local,FAQ,1704,2082,1893,22.8
2025-03-25,Hubli,Potato,Local,FAQ,1371,1675,1523,19.3
2025-03-25,Hassan,Coconut,Local,FAQ,2868,3506,3187,16.4
2025-03-25,Dharwad,Potato,Local,FAQ,1389,1697,1543,78.3
2025-03-26,Raichur,Onion,Local,FAQ,1268,1550,1409,31.0
2025-03-26,Hubli,Banana,Local,FAQ,2010,2456,2233,14.0
2025-03-26,Bangalore (Yeshwanthpur),Coconut,Local,FAQ,2921,3571,3246,17.7
2025-03-26,Davangere,Mango,Local,FAQ,3809,4655,4232,7.6
2025-03-26,Hubli,Wheat,Local,FAQ,3400,4156,3778,90.8
2025-03-27,Shimoga,Rice,Local,FAQ,3751,4585,4168,16.7
2025-03-27,Tumkur,Tomato,Local,FAQ,1767,2159,1963,27.7
2025-03-28,Hassan,Rice,Local,FAQ,4552,5564,5058,99.4
2025-03-29,Bangalore (Yeshwanthpur),Mango,Local,FAQ,3771,4609,4190,90.6
2025-03-29,Mangalore,Rice,Local,FAQ,4414,5396,4905,10.2
2025-03-29,Raichur,Coconut,Local,FAQ,2247,2747,2497,15.3
2025-03-29,Dharwad,Rice,Local,FAQ,3231,3949,3590,26.6
2025-03-29,Shimoga,Brinjal,Local,FAQ,1716,2098,1907,5.9
2025-03-30,Raichur,Banana,Local,FAQ,2456,3002,2729,31.2
2025-03-30,Shimoga,Chilli,Local,FAQ,11204,13694,12449,90.5
2025-03-30,Belgaum,Brinjal,Local,FAQ,1590,1944,1767,54.7
2025-03-30,Belgaum,Mango,Local,FAQ,4139,5059,4599,14.4
2025-03-31,Belgaum,Tomato,Local,FAQ,1289,1575,1432,9.7
2025-03-31,Raichur,Onion,Local,FAQ,1441,1761,1601,78.8
2025-03-31,Shimoga,Coconut,Local,FAQ,2998,3664,3331,46.7
2025-03-31,Bijapur,Onion,Local,FAQ,1010,1234,1122,13.3
2025-03-31,Belgaum,Brinjal,Local,FAQ,1588,1940,1764,92.3
2025-04-01,Tumkur,Chilli,Local,FAQ,7056,8624,7840,5.3
2025-04-01,Davangere,Chilli,Local,FAQ,6949,8493,7721,26.6
2025-04-02,Karwar,Tomato,Local,FAQ,1357,1659,1508,84.2
2025-04-02,Bijapur,Banana,Local,FAQ,1687,2061,1874,99.9
2025-04-02,Karwar,Rice,Local,FAQ,4550,5560,5055,11.6
2025-04-02,Bellary,Rice,Local,FAQ,3300,4034,3667,48.6
2025-04-02,Karwar,Banana,Local,FAQ,2194,2682,2438,48.0
2025-04-03,Gulbarga,Banana,Local,FAQ,1570,1918,1744,23.4
2025-04-03,Gulbarga,Rice,Local,FAQ,4736,5788,5262,73.9
2025-04-03,Gulbarga,Onion,Local,FAQ,1033,1263,1148,41.9
2025-04-03,Shimoga,Rice,Local,FAQ,3051,3729,3390,34.3
2025-04-03,Davangere,Mango,Local,FAQ,3973,4855,4414,68.7
2025-04-04,Bangalore (Yeshwanthpur),Brinjal,Local,FAQ,1262,1542,1402,42.5
2025-04-05,Davangere,Rice,Local,FAQ,4054,4954,4504,22.1
2025-04-05,Dharwad,Tomato,Local,FAQ,1340,1638,1489,96.4
2025-04-07,Dharwad,Wheat,Local,FAQ,2640,3226,2933,18.8
2025-04-07,Mangalore,Potato,Local,FAQ,1164,1422,1293,19.3
2025-04-07,Karwar,Banana,Local,FAQ,2292,2802,2547,84.3
2025-04-07,Dharwad,Brinjal,Local,FAQ,1521,1859,1690,21.7
2025-04-07,Raichur,Onion,Local,FAQ,1312,1604,1458,78.3
2025-04-08,Shimoga,Wheat,Local,FAQ,2234,2730,2482,39.8
2025-04-08,Tumkur,Brinjal,Local,FAQ,1382,1689,1535,60.9
2025-04-09,Gulbarga,Rice,Local,FAQ,2905,3551,3228,24.5
2025-04-09,Mangalore,Rice,Local,FAQ,4162,5086,4624,15.3
2025-04-09,Dharwad,Onion,Local,FAQ,1603,1959,1781,30.1
2025-04-09,Raichur,Brinjal,Local,FAQ,1100,1344,1222,62.1
2025-04-09,Mangalore,Brinjal,Local,FAQ,1644,2010,1827,55.4
2025-04-09,Bangalore (Yeshwanthpur),Tomato,Local,FAQ,1480,1810,1645,77.4
2025-04-09,Shimoga,Onion,Local,FAQ,1054,1288,1171,72.7
2025-04-10,Bellary,Coconut,Local,FAQ,2215,2707,2461,36.9
2025-04-10,Karwar,Mango,Local,FAQ,3311,4047,3679,42.6
2025-04-11,Hubli,Potato,Local,FAQ,850,1038,944,68.1
2025-04-11,Dharwad,Chilli,Local,FAQ,10525,12863,11694,77.3
2025-04-11,Raichur,Wheat,Local,FAQ,3524,4308,3916,48.0
2025-04-12,Bijapur,Tomato,Local,FAQ,1365,1669,1517,32.8
2025-04-12,Raichur,Coconut,Local,FAQ,1718,2100,1909,68.6
2025-04-12,Bangalore (Yeshwanthpur),Tomato,Local,FAQ,1745,2133,1939,84.8
2025-04-12,Mysore,Onion,Local,FAQ,1192,1458,1325,42.7
2025-04-13,Bellary,Brinjal,Local,FAQ,1742,2130,1936,90.5
2025-04-13,Belgaum,Chilli,Local,FAQ,10721,13103,11912,99.5
2025-04-13,Davangere,Mango,Local,FAQ,3048,3726,3387,29.6
2025-04-13,Karwar,Onion,Local,FAQ,1520,1858,1689,67.6
2025-04-14,Shimoga,Chilli,Local,FAQ,11160,13640,12400,97.7
2025-04-14,Dharwad,Coconut,Local,FAQ,2414,2950,2682,15.9
2025-04-14,Tumkur,Tomato,Local,FAQ,1953,2387,2170,47.6
2025-04-15,Belgaum,Tomato,Local,FAQ,1412,1726,1569,65.4
2025-04-16,Bijapur,Potato,Local,FAQ,1009,1233,1121,91.5
2025-04-16,Hassan,Coconut,Local,FAQ,2769,3385,3077,59.3
2025-04-16,Tumkur,Rice,Local,FAQ,4312,5270,4791,47.1
2025-04-16,Mangalore,Mango,Local,FAQ,3370,4118,3744,50.9
2025-04-16,Raichur,Banana,Local,FAQ,2149,2627,2388,14.0
2025-04-16,Tumkur,Tomato,Local,FAQ,1680,2054,1867,10.3
2025-04-16,Hubli,Potato,Local,FAQ,1473,1801,1637,8.5
2025-04-16,Hubli,Coconut,Local,FAQ,2899,3543,3221,16.3
2025-04-17,Bellary,Onion,Local,FAQ,1119,1367,1243,94.7
2025-04-17,Hassan,Tomato,Local,FAQ,2160,2640,2400,84.2
2025-04-18,Shimoga,Chilli,Local,FAQ,8796,10750,9773,20.9
2025-04-18,Dharwad,Potato,Local,FAQ,936,1144,1040,71.8
2025-04-18,Bangalore (Yeshwanthpur),Tomato,Local,FAQ,1247,1525,1386,70.0
2025-04-18,Bangalore (Yeshwanthpur),Onion,Local,FAQ,1577,1927,1752,25.4
2025-04-20,Bellary,Onion,Local,FAQ,1065,1301,1183,73.8
2025-04-20,Davangere,Mango,Local,FAQ,4252,5198,4725,48.6
2025-04-20,Davangere,Banana,Local,FAQ,1483,1813,1648,29.5
2025-04-20,Hassan,Mango,Local,FAQ,2534,3097,2815,58.0
2025-04-21,Bangalore (Yeshwanthpur),Tomato,Local,FAQ,2080,2542,2311,71.8
2025-04-21,Belgaum,Potato,Local,FAQ,1122,1372,1247,5.3
2025-04-22,Belgaum,Brinjal,Local,FAQ,1120,1370,1245,12.4
2025-04-22,Mangalore,Chilli,Local,FAQ,7532,9206,8369,29.8
2025-04-22,Davangere,Potato,Local,FAQ,1145,1399,1272,50.0
2025-04-22,Shimoga,Wheat,Local,FAQ,3199,3909,3554,99.5
2025-04-22,Shimoga,Banana,Local,FAQ,1645,2011,1828,30.4
2025-04-22,Belgaum,Mango,Local,FAQ,3848,4704,4276,8.9
2025-04-22,Shimoga,Rice,Local,FAQ,4129,5047,4588,36.0
2025-04-23,Mysore,Rice,Local,FAQ,4254,5200,4727,30.4
2025-04-23,Dharwad,Potato,Local,FAQ,1020,1246,1133,21.6
2025-04-23,Raichur,Banana,Local,FAQ,1697,2075,1886,57.3
2025-04-23,Bijapur,Mango,Local,FAQ,4226,5166,4696,38.4
2025-04-23,Dharwad,Tomato,Local,FAQ,1678,2052,1865,58.5
2025-04-23,Bangalore (Yeshwanthpur),Mango,Local,FAQ,3078,3762,3420,77.3
2025-04-24,Tumkur,Mango,Local,FAQ,2383,2913,2648,65.8
2025-04-25,Bellary,Rice,Local,FAQ,4363,5333,4848,75.2
2025-04-25,Dharwad,Coconut,Local,FAQ,1719,2101,1910,26.2
2025-04-25,Mangalore,Onion,Local,FAQ,990,1210,1100,68.5
2025-04-25,Hassan,Rice,Local,FAQ,3686,4504,4095,36.4
2025-04-25,Bellary,Banana,Local,FAQ,1928,2356,2142,47.8
2025-04-25,Hassan,Potato,Local,FAQ,1308,1598,1453,19.6
2025-04-26,Dharwad,Coconut,Local,FAQ,2822,3449,3135,35.1
2025-04-26,Belgaum,Brinjal,Local,FAQ,966,1180,1073,59.2
2025-04-26,Bellary,Tomato,Local,FAQ,1609,1967,1788,34.7
2025-04-27,Belgaum,Banana,Local,FAQ,1911,2335,2123,48.8
2025-04-27,Bellary,Wheat,Local,FAQ,2418,2956,2687,90.2
2025-04-27,Bijapur,Brinjal,Local,FAQ,1542,1884,1713,92.2
2025-04-28,Mangalore,Wheat,Local,FAQ,2476,3026,2751,74.2
2025-04-28,Mangalore,Rice,Local,FAQ,3510,4290,3900,58.5
2025-04-29,Bangalore (Yeshwanthpur),Brinjal,Local,FAQ,1281,1565,1423,70.4
2025-04-29,Shimoga,Potato,Local,FAQ,1054,1288,1171,53.1
2025-04-29,Davangere,Mango,Local,FAQ,3622,4426,4024,92.6
2025-04-30,Raichur,Chilli,Local,FAQ,9640,11782,10711,9.7
2025-05-01,Bijapur,Onion,Local,FAQ,1241,1517,1379,73.9
2025-05-01,Bellary,Rice,Local,FAQ,4014,4906,4460,19.5
2025-05-01,Mangalore,Rice,Local,FAQ,4008,4898,4453,40.6
2025-05-01,Belgaum,Banana,Local,FAQ,1445,1767,1606,19.3
2025-05-02,Tumkur,Mango,Local,FAQ,3075,3759,3417,76.6
2025-05-03,Bellary,Onion,Local,FAQ,986,1204,1095,14.6
2025-05-03,Bijapur,Banana,Local,FAQ,1792,2190,1991,64.4
2025-05-03,Bellary,Brinjal,Local,FAQ,994,1216,1105,75.1
2025-05-03,Mysore,Mango,Local,FAQ,3917,4787,4352,14.5
2025-05-03,Hubli,Chilli,Local,FAQ,8923,10905,9914,94.7
2025-05-04,Raichur,Banana,Local,FAQ,2152,2630,2391,95.1
2025-05-04,Bijapur,Banana,Local,FAQ,1480,1808,1644,74.1
2025-05-04,Gulbarga,Brinjal,Local,FAQ,1204,1472,1338,75.8
2025-05-05,Bellary,Banana,Local,FAQ,2184,2670,2427,39.2
2025-05-05,Karwar,Potato,Local,FAQ,1187,1451,1319,14.1
2025-05-05,Dharwad,Wheat,Local,FAQ,1914,2340,2127,49.0
2025-05-06,Hubli,Banana,Local,FAQ,1419,1735,1577,62.1
2025-05-06,Dharwad,Potato,Local,FAQ,896,1094,995,5.4
2025-05-06,Bangalore (Yeshwanthpur),Rice,Local,FAQ,4352,5320,4836,68.3
2025-05-06,Bellary,Mango,Local,FAQ,2726,3332,3029,12.5
2025-05-06,Shimoga,Onion,Local,FAQ,1090,1332,1211,17.9
2025-05-07,Karwar,Tomato,Local,FAQ,1402,1714,1558,11.5
2025-05-07,Tumkur,Chilli,Local,FAQ,6467,7905,7186,60.9
2025-05-07,Hassan,Coconut,Local,FAQ,1947,2379,2163,30.0
2025-05-07,Bellary,Coconut,Local,FAQ,2163,2643,2403,12.5
2025-05-07,Shimoga,Coconut,Local,FAQ,2644,3232,2938,7.1
2025-05-07,Bijapur,Onion,Local,FAQ,1010,1234,1122,32.1
2025-05-08,Shimoga,Onion,Local,FAQ,1359,1661,1510,44.8
2025-05-08,Gulbarga,Tomato,Local,FAQ,1476,1804,1640,94.2
2025-05-09,Shimoga,Tomato,Local,FAQ,1424,1740,1582,56.1
2025-05-09,Tumkur,Coconut,Local,FAQ,2413,2949,2681,46.1
2025-05-10,Dharwad,Coconut,Local,FAQ,1603,1959,1781,28.7
2025-05-10,Gulbarga,Chilli,Local,FAQ,8964,10956,9960,65.5
2025-05-11,Davangere,Brinjal,Local,FAQ,1140,1394,1267,23.3
2025-05-11,Mysore,Wheat,Local,FAQ,3218,3933,3575,50.9
2025-05-12,Mysore,Tomato,Local,FAQ,1585,1937,1761,31.0
2025-05-12,Bellary,Coconut,Local,FAQ,2228,2724,2476,88.4
2025-05-12,Bellary,Mango,Local,FAQ,3802,4648,4225,60.2
2025-05-13,Bijapur,Wheat,Local,FAQ,3077,3761,3419,22.4
2025-05-13,Raichur,Potato,Local,FAQ,1295,1583,1439,19.7
2025-05-14,Bangalore (Yeshwanthpur),Banana,Local,FAQ,2373,2901,2637,64.4
2025-05-14,Bangalore (Yeshwanthpur),Brinjal,Local,FAQ,875,1069,972,10.6
2025-05-14,Davangere,Brinjal,Local,FAQ,1491,1823,1657,85.4
2025-05-15,Hassan,Banana,Local,FAQ,1570,1920,1745,29.7
2025-05-15,Bangalore (Yeshwanthpur),Brinjal,Local,FAQ,1016,1242,1129,33.4
2025-05-15,Raichur,Banana,Local,FAQ,1874,2290,2082,79.5
2025-05-15,Mangalore,Wheat,Local,FAQ,2019,2467,2243,8.6
2025-05-15,Raichur,Mango,Local,FAQ,2723,3329,3026,62.8
2025-05-16,Shimoga,Chilli,Local,FAQ,6963,8511,7737,46.7
2025-05-16,Dharwad,Rice,Local,FAQ,4069,4973,4521,8.2
2025-05-16,Mysore,Mango,Local,FAQ,2229,2725,2477,26.8
2025-05-16,Tumkur,Potato,Local,FAQ,1064,1300,1182,86.1
2025-05-16,Dharwad,Onion,Local,FAQ,1417,1731,1574,59.4
2025-05-16,Belgaum,Onion,Local,FAQ,1606,1964,1785,68.6
2025-05-17,Dharwad,Tomato,Local,FAQ,1883,2301,2092,64.1
2025-05-17,Bijapur,Mango,Local,FAQ,3623,4429,4026,59.5
2025-05-17,Davangere,Tomato,Local,FAQ,1756,2146,1951,92.2
2025-05-18,Mysore,Banana,Local,FAQ,2221,2715,2468,20.8
2025-05-18,Bellary,Coconut,Local,FAQ,2028,2478,2253,14.1
2025-05-19,Shimoga,Coconut,Local,FAQ,1814,2216,2015,85.5
2025-05-19,Hassan,Banana,Local,FAQ,1509,1845,1677,13.9
2025-05-19,Bangalore (Yeshwanthpur),Mango,Local,FAQ,3889,4753,4321,83.8
2025-05-19,Bangalore (Yeshwanthpur),Rice,Local,FAQ,2930,3581,3255,78.9
2025-05-20,Bangalore (Yeshwanthpur),Chilli,Local,FAQ,6877,8405,7641,55.8
2025-05-21,Belgaum,Chilli,Local,FAQ,5822,7116,6469,25.3
2025-05-22,Bellary,Potato,Local,FAQ,939,1147,1043,86.0
2025-05-22,Karwar,Rice,Local,FAQ,4548,5558,5053,60.8
2025-05-22,Hubli,Onion,Local,FAQ,1077,1317,1197,30.1
2025-05-22,Davangere,Tomato,Local,FAQ,1880,2298,2089,36.4
2025-05-22,Tumkur,Coconut,Local,FAQ,2505,3061,2783,55.7
2025-05-23,Bangalore (Yeshwanthpur),Brinjal,Local,FAQ,1092,1334,1213,44.2
2025-05-23,Davangere,Onion,Local,FAQ,1425,1741,1583,83.2
2025-05-23,Shimoga,Wheat,Local,FAQ,3221,3937,3579,50.1
2025-05-24,Hubli,Coconut,Local,FAQ,1994,2438,2216,56.0
2025-05-24,Hassan,Banana,Local,FAQ,1502,1836,1669,28.1
2025-05-25,Hassan,Onion,Local,FAQ,1288,1574,1431,71.3
2025-05-25,Davangere,Mango,Local,FAQ,3139,3837,3488,35.1
2025-05-26,Tumkur,Rice,Local,FAQ,2794,3416,3105,79.8
2025-05-26,Gulbarga,Tomato,Local,FAQ,1520,1858,1689,49.8
2025-05-27,Gulbarga,Coconut,Local,FAQ,2267,2771,2519,69.5
2025-05-27,Karwar,Onion,Local,FAQ,1425,1741,1583,41.3
2025-05-28,Bangalore (Yeshwanthpur),Brinjal,Local,FAQ,978,1196,1087,6.8
2025-05-28,Raichur,Mango,Local,FAQ,2628,3212,2920,65.9
2025-05-28,Bijapur,Onion,Local,FAQ,1277,1561,1419,31.3
2025-05-28,Belgaum,Mango,Local,FAQ,2185,2671,2428,82.1
2025-05-28,Raichur,Potato,Local,FAQ,1112,1360,1236,36.6
2025-05-28,Hassan,Coconut,Local,FAQ,2080,2542,2311,54.0
2025-05-28,Raichur,Mango,Local,FAQ,2811,3435,3123,14.2
2025-05-29,Gulbarga,Wheat,Local,FAQ,3283,4013,3648,74.5
2025-05-29,Hubli,Mango,Local,FAQ,3272,4000,3636,9.4
2025-05-29,Davangere,Coconut,Local,FAQ,1806,2208,2007,79.7
2025-05-30,Tumkur,Rice,Local,FAQ,3416,4176,3796,8.4
2025-05-30,Hassan,Banana,Local,FAQ,1433,1751,1592,13.3
2025-05-30,Dharwad,Potato,Local,FAQ,738,902,820,77.0
2025-05-30,Mangalore,Potato,Local,FAQ,1274,1557,1415,44.6
2025-05-31,Tumkur,Mango,Local,FAQ,2614,3194,2904,49.5
2025-06-01,Belgaum,Potato,Local,FAQ,1008,1232,1120,81.5
2025-06-01,Karwar,Banana,Local,FAQ,1356,1658,1507,99.1
2025-06-01,Mangalore,Tomato,Local,FAQ,1249,1527,1388,63.0
2025-06-01,Tumkur,Onion,Local,FAQ,1288,1574,1431,32.8
2025-06-01,Raichur,Wheat,Local,FAQ,2196,2684,2440,9.4
2025-06-02,Bellary,Potato,Local,FAQ,696,850,773,39.9
2025-06-02,Belgaum,Chilli,Local,FAQ,5386,6584,5985,99.3
2025-06-03,Gulbarga,Chilli,Local,FAQ,5728,7000,6364,99.6
2025-06-03,Bijapur,Rice,Local,FAQ,3094,3782,3438,39.9
2025-06-03,Gulbarga,Brinjal,Local,FAQ,793,969,881,72.5
2025-06-03,Gulbarga,Wheat,Local,FAQ,1676,2048,1862,18.8
2025-06-03,Hassan,Wheat,Local,FAQ,2331,2849,2590,47.0
2025-06-04,Mysore,Tomato,Local,FAQ,1172,1432,1302,57.1
2025-06-05,Hubli,Coconut,Local,FAQ,2163,2643,2403,63.8
2025-06-05,Shimoga,Wheat,Local,FAQ,1878,2296,2087,71.7
2025-06-05,Karwar,Rice,Local,FAQ,3000,3666,3333,28.0
2025-06-05,Gulbarga,Brinjal,Local,FAQ,1093,1335,1214,25.4
2025-06-05,Belgaum,Mango,Local,FAQ,2096,2562,2329,80.3
2025-06-05,Mysore,Wheat,Local,FAQ,1736,2122,1929,31.3
2025-06-06,Hubli,Onion,Local,FAQ,1012,1238,1125,72.4
2025-06-07,Belgaum,Wheat,Local,FAQ,2165,2647,2406,77.0
2025-06-07,Mysore,Mango,Local,FAQ,2168,2650,2409,35.5
2025-06-07,Mysore,Rice,Local,FAQ,2984,3647,3315,24.7
2025-06-08,Bijapur,Rice,Local,FAQ,2578,3150,2864,95.9
2025-06-08,Mysore,Onion,Local,FAQ,1051,1285,1168,70.5
2025-06-08,Bellary,Rice,Local,FAQ,3459,4227,3843,66.3
2025-06-09,Mysore,Banana,Local,FAQ,1747,2135,1941,89.3
2025-06-09,Gulbarga,Chilli,Local,FAQ,5085,6215,5650,88.0
2025-06-09,Karwar,Mango,Local,FAQ,2541,3105,2823,71.4
2025-06-10,Belgaum,Brinjal,Local,FAQ,1063,1299,1181,63.9
2025-06-10,Raichur,Onion,Local,FAQ,1205,1473,1339,35.0
2025-06-11,Karwar,Potato,Local,FAQ,850,1040,945,95.0
2025-06-11,Tumkur,Chilli,Local,FAQ,7246,8856,8051,37.9
2025-06-11,Shimoga,Onion,Local,FAQ,826,1010,918,91.9
2025-06-11,Mysore,Coconut,Local,FAQ,1618,1978,1798,38.3
2025-06-12,Davangere,Potato,Local,FAQ,1132,1384,1258,10.0
2025-06-12,Bijapur,Tomato,Local,FAQ,1259,1539,1399,27.7
2025-06-12,Bangalore (Yeshwanthpur),Potato,Local,FAQ,729,891,810,66.0
2025-06-12,Gulbarga,Brinjal,Local,FAQ,1144,1398,1271,87.9
2025-06-12,Tumkur,Onion,Local,FAQ,1368,1672,1520,99.3
2025-06-13,Mysore,Onion,Local,FAQ,898,1098,998,69.3
2025-06-13,Bellary,Coconut,Local,FAQ,2226,2720,2473,45.0
2025-06-13,Shimoga,Tomato,Local,FAQ,1061,1297,1179,46.4
2025-06-14,Dharwad,Chilli,Local,FAQ,8444,10320,9382,60.2
2025-06-14,Hubli,Brinjal,Local,FAQ,1184,1447,1315,25.2
2025-06-14,Hassan,Chilli,Local,FAQ,6863,8389,7626,59.3
2025-06-15,Dharwad,Rice,Local,FAQ,3475,4247,3861,73.0
2025-06-15,Hassan,Brinjal,Local,FAQ,1215,1485,1350,25.0
2025-06-16,Raichur,Brinjal,Local,FAQ,1183,1445,1314,11.3
2025-06-16,Mangalore,Coconut,Local,FAQ,1581,1933,1757,14.1
2025-06-16,Mangalore,Banana,Local,FAQ,1568,1916,1742,62.1
2025-06-16,Bangalore (Yeshwanthpur),Potato,Local,FAQ,759,927,843,56.3
2025-06-17,Belgaum,Chilli,Local,FAQ,7787,9517,8652,19.6
2025-06-17,Bangalore (Yeshwanthpur),Mango,Local,FAQ,3303,4037,3670,64.2
2025-06-18,Bellary,Mango,Local,FAQ,2707,3309,3008,10.2
2025-06-18,Dharwad,Tomato,Local,FAQ,1249,1527,1388,57.5
2025-06-18,Hubli,Potato,Local,FAQ,704,860,782,21.9
2025-06-18,Davangere,Potato,Local,FAQ,1148,1402,1275,6.4
2025-06-18,Bijapur,Tomato,Local,FAQ,1221,1493,1357,12.3
2025-06-19,Hassan,Brinjal,Local,FAQ,896,1094,995,99.8
2025-06-19,Raichur,Wheat,Local,FAQ,1731,2115,1923,50.7
2025-06-20,Dharwad,Banana,Local,FAQ,2016,2464,2240,45.0
2025-06-20,Tumkur,Brinjal,Local,FAQ,1289,1575,1432,59.3
2025-06-20,Raichur,Brinjal,Local,FAQ,916,1120,1018,63.5
2025-06-21,Bijapur,Onion,Local,FAQ,1066,1304,1185,65.4
2025-06-22,Tumkur,Chilli,Local,FAQ,8522,10416,9469,5.5
2025-06-22,Shimoga,Chilli,Local,FAQ,8772,10722,9747,79.0
2025-06-24,Raichur,Chilli,Local,FAQ,5788,7074,6431,41.3
2025-06-24,Bellary,Mango,Local,FAQ,3265,3991,3628,51.8
2025-06-25,Hassan,Coconut,Local,FAQ,1997,2441,2219,95.2
2025-06-25,Tumkur,Potato,Local,FAQ,1089,1331,1210,75.4
2025-06-25,Dharwad,Tomato,Local,FAQ,1065,1301,1183,61.4
2025-06-25,Raichur,Rice,Local,FAQ,3512,4292,3902,55.6
2025-06-26,Mangalore,Rice,Local,FAQ,2884,3524,3204,93.5
2025-06-26,Davangere,Mango,Local,FAQ,2730,3336,3033,18.6
2025-06-26,Dharwad,Wheat,Local,FAQ,2808,3432,3120,70.8
2025-06-27,Karwar,Rice,Local,FAQ,2822,3449,3135,38.4
2025-06-27,Raichur,Rice,Local,FAQ,2686,3282,2984,53.7
2025-06-27,Bijapur,Tomato,Local,FAQ,1566,1914,1740,8.1
2025-06-27,Hubli,Tomato,Local,FAQ,1661,2031,1846,11.2
2025-06-28,Mangalore,Rice,Local,FAQ,2455,3001,2728,23.2
2025-06-29,Shimoga,Banana,Local,FAQ,1540,1882,1711,18.7
2025-06-29,Bijapur,Potato,Local,FAQ,684,836,760,79.5
2025-07-01,Belgaum,Chilli,Local,FAQ,7677,9383,8530,67.7
2025-07-01,Tumkur,Rice,Local,FAQ,1906,2330,2118,59.0
2025-07-01,Raichur,Rice,Local,FAQ,3318,4056,3687,99.7
2025-07-01,Karwar,Coconut,Local,FAQ,1854,2266,2060,57.6
2025-07-02,Gulbarga,Banana,Local,FAQ,1299,1587,1443,62.9
2025-07-02,Raichur,Mango,Local,FAQ,1610,1968,1789,79.6
2025-07-02,Tumkur,Wheat,Local,FAQ,1410,1724,1567,17.4
2025-07-03,Gulbarga,Banana,Local,FAQ,1711,2091,1901,86.0
2025-07-03,Karwar,Banana,Local,FAQ,1143,1397,1270,41.4
2025-07-03,Mysore,Rice,Local,FAQ,2750,3361,3055,52.6
2025-07-03,Bellary,Onion,Local,FAQ,953,1165,1059,56.5
2025-07-03,Mysore,Banana,Local,FAQ,1029,1257,1143,30.0
2025-07-04,Belgaum,Tomato,Local,FAQ,1465,1791,1628,66.2
2025-07-05,Raichur,Coconut,Local,FAQ,1081,1321,1201,51.4
2025-07-05,Karwar,Banana,Local,FAQ,1707,2087,1897,16.1
2025-07-06,Davangere,Onion,Local,FAQ,649,793,721,28.4
2025-07-07,Hubli,Brinjal,Local,FAQ,1087,1329,1208,67.3
2025-07-07,Hubli,Brinjal,Local,FAQ,1044,1276,1160,89.3
2025-07-07,Shimoga,Banana,Local,FAQ,1449,1771,1610,87.5
2025-07-07,Raichur,Brinjal,Local,FAQ,789,965,877,28.4
2025-07-07,Raichur,Potato,Local,FAQ,969,1185,1077,95.9
2025-07-07,Shimoga,Banana,Local,FAQ,1614,1972,1793,49.6
2025-07-08,Shimoga,Rice,Local,FAQ,2664,3256,2960,57.1
2025-07-09,Bellary,Chilli,Local,FAQ,7425,9075,8250,44.9
2025-07-09,Dharwad,Tomato,Local,FAQ,878,1074,976,65.0
2025-07-09,Bellary,Brinjal,Local,FAQ,651,795,723,13.0
2025-07-09,Shimoga,Chilli,Local,FAQ,7796,9528,8662,59.8
2025-07-09,Mangalore,Potato,Local,FAQ,924,1130,1027,48.4
2025-07-10,Mysore,Wheat,Local,FAQ,1763,2155,1959,85.9
2025-07-10,Raichur,Wheat,Local,FAQ,1655,2023,1839,78.2
2025-07-10,Bellary,Banana,Local,FAQ,1129,1379,1254,19.3
2025-07-10,Davangere,Brinjal,Local,FAQ,1006,1230,1118,27.6
2025-07-10,Gulbarga,Mango,Local,FAQ,1720,2102,1911,11.1
2025-07-11,Bangalore (Yeshwanthpur),Onion,Local,FAQ,850,1040,945,71.0
2025-07-11,Mangalore,Coconut,Local,FAQ,1662,2032,1847,74.5
2025-07-11,Hubli,Coconut,Local,FAQ,1960,2396,2178,66.2
2025-07-11,Dharwad,Banana,Local,FAQ,1231,1505,1368,88.8
2025-07-11,Mangalore,Brinjal,Local,FAQ,818,1000,909,50.8
2025-07-11,Hassan,Coconut,Local,FAQ,1208,1476,1342,45.5
2025-07-12,Bangalore (Yeshwanthpur),Mango,Local,FAQ,2459,3005,2732,17.1
2025-07-12,Karwar,Banana,Local,FAQ,1300,1590,1445,78.8
2025-07-13,Belgaum,Mango,Local,FAQ,2398,2930,2664,99.4
2025-07-13,Bellary,Brinjal,Local,FAQ,1105,1351,1228,57.4
2025-07-13,Mangalore,Brinjal,Local,FAQ,667,815,741,17.3
2025-07-14,Mysore,Onion,Local,FAQ,1081,1321,1201,37.8
2025-07-14,Belgaum,Brinjal,Local,FAQ,672,822,747,89.0
2025-07-14,Dharwad,Onion,Local,FAQ,1070,1308,1189,35.3
2025-07-14,Belgaum,Onion,Local,FAQ,778,952,865,58.9
2025-07-14,Tumkur,Chilli,Local,FAQ,6358,7772,7065,45.6
2025-07-15,Mangalore,Tomato,Local,FAQ,1467,1793,1630,71.2
2025-07-16,Tumkur,Onion,Local,FAQ,1159,1417,1288,66.5
2025-07-17,Gulbarga,Brinjal,Local,FAQ,737,901,819,53.0
2025-07-17,Hubli,Onion,Local,FAQ,885,1081,983,13.6
2025-07-18,Hassan,Chilli,Local,FAQ,4386,5360,4873,87.9
2025-07-19,Bangalore (Yeshwanthpur),Mango,Local,FAQ,2756,3368,3062,33.9
2025-07-19,Davangere,Banana,Local,FAQ,1720,2102,1911,65.1
2025-07-20,Gulbarga,Tomato,Local,FAQ,1304,1594,1449,99.1
2025-07-21,Karwar,Onion,Local,FAQ,1094,1338,1216,24.3
2025-07-21,Davangere,Mango,Local,FAQ,1888,2308,2098,84.3
2025-07-22,Mangalore,Tomato,Local,FAQ,877,1071,974,9.0
2025-07-22,Mysore,Tomato,Local,FAQ,1074,1312,1193,65.4
2025-07-22,Karwar,Chilli,Local,FAQ,5195,6349,5772,71.4
2025-07-22,Hubli,Chilli,Local,FAQ,6863,8389,7626,18.8
2025-07-22,Mangalore,Chilli,Local,FAQ,5170,6318,5744,45.6
2025-07-24,Hubli,Wheat,Local,FAQ,2198,2686,2442,82.6
2025-07-25,Shimoga,Coconut,Local,FAQ,1681,2055,1868,70.2
2025-07-25,Dharwad,Rice,Local,FAQ,3166,3870,3518,76.6
2025-07-25,Raichur,Tomato,Local,FAQ,1152,1408,1280,82.0
2025-07-26,Belgaum,Chilli,Local,FAQ,4975,6081,5528,75.5
2025-07-27,Hassan,Brinjal,Local,FAQ,761,931,846,60.7
2025-07-27,Bellary,Rice,Local,FAQ,2388,2918,2653,12.2
2025-07-28,Bangalore (Yeshwanthpur),Brinjal,Local,FAQ,904,1106,1005,80.4
2025-07-28,Gulbarga,Potato,Local,FAQ,584,714,649,45.6
2025-07-28,Karwar,Coconut,Local,FAQ,1899,2321,2110,93.0
2025-07-28,Mangalore,Wheat,Local,FAQ,2342,2862,2602,98.9
2025-07-29,Belgaum,Brinjal,Local,FAQ,1043,1275,1159,14.8
2025-07-29,Bangalore (Yeshwanthpur),Tomato,Local,FAQ,1186,1450,1318,9.3
2025-07-30,Gulbarga,Rice,Local,FAQ,2519,3079,2799,5.2
2025-07-31,Hubli,Rice,Local,FAQ,2192,2680,2436,85.3
2025-07-31,Bijapur,Potato,Local,FAQ,697,851,774,24.4
2025-08-01,Shimoga,Rice,Local,FAQ,2466,3014,2740,25.6
2025-08-01,Bellary,Banana,Local,FAQ,1334,1630,1482,27.5
2025-08-01,Mangalore,Rice,Local,FAQ,2272,2778,2525,36.8
2025-08-02,Karwar,Brinjal,Local,FAQ,978,1196,1087,94.0
2025-08-03,Bijapur,Banana,Local,FAQ,959,1173,1066,55.7
2025-08-03,Bangalore (Yeshwanthpur),Potato,Local,FAQ,731,893,812,89.0
2025-08-03,Bijapur,Wheat,Local,FAQ,1711,2091,1901,49.9
2025-08-03,Belgaum,Banana,Local,FAQ,906,1108,1007,15.3
2025-08-03,Shimoga,Banana,Local,FAQ,938,1146,1042,7.1
2025-08-03,Davangere,Onion,Local,FAQ,706,862,784,50.2
2025-08-04,Shimoga,Mango,Local,FAQ,2447,2991,2719,62.6
2025-08-04,Raichur,Mango,Local,FAQ,1828,2234,2031,52.3
2025-08-04,Karwar,Onion,Local,FAQ,602,736,669,53.9
2025-08-04,Gulbarga,Brinjal,Local,FAQ,957,1169,1063,16.2
2025-08-04,Karwar,Potato,Local,FAQ,562,688,625,50.3
2025-08-04,Hassan,Coconut,Local,FAQ,1188,1452,1320,14.7
2025-08-05,Mysore,Mango,Local,FAQ,1439,1759,1599,20.9
2025-08-05,Davangere,Rice,Local,FAQ,2000,2444,2222,21.2
2025-08-05,Karwar,Mango,Local,FAQ,2127,2599,2363,5.1
2025-08-05,Bellary,Onion,Local,FAQ,926,1132,1029,42.5
2025-08-05,Mysore,Mango,Local,FAQ,2148,2626,2387,50.9
2025-08-06,Hassan,Tomato,Local,FAQ,962,1176,1069,69.4
2025-08-06,Hassan,Potato,Local,FAQ,624,762,693,57.9
2025-08-06,Belgaum,Mango,Local,FAQ,1472,1800,1636,91.6
2025-08-07,Karwar,Potato,Local,FAQ,697,851,774,8.5
2025-08-07,Hubli,Tomato,Local,FAQ,1105,1351,1228,12.4
2025-08-08,Dharwad,Tomato,Local,FAQ,923,1129,1026,44.5
2025-08-08,Raichur,Onion,Local,FAQ,998,1220,1109,8.5
2025-08-09,Belgaum,Wheat,Local,FAQ,1497,1829,1663,88.2
2025-08-09,Dharwad,Banana,Local,FAQ,868,1060,964,92.3
2025-08-09,Mangalore,Onion,Local,FAQ,685,837,761,33.5
2025-08-10,Davangere,Potato,Local,FAQ,688,842,765,21.1
2025-08-10,Hubli,Chilli,Local,FAQ,6426,7854,7140,55.9
2025-08-11,Tumkur,Banana,Local,FAQ,1541,1883,1712,87.6
2025-08-11,Mysore,Mango,Local,FAQ,1896,2318,2107,62.8
2025-08-11,Gulbarga,Onion,Local,FAQ,580,710,645,57.9
2025-08-11,Raichur,Mango,Local,FAQ,2430,2970,2700,27.4
2025-08-11,Tumkur,Banana,Local,FAQ,1247,1525,1386,41.2
2025-08-11,Bellary,Wheat,Local,FAQ,1515,1851,1683,82.8
2025-08-12,Davangere,Wheat,Local,FAQ,1332,1628,1480,49.5
2025-08-13,Mysore,Onion,Local,FAQ,749,915,832,32.0
2025-08-13,Raichur,Banana,Local,FAQ,847,1035,941,5.0
2025-08-14,Davangere,Potato,Local,FAQ,819,1001,910,91.3
2025-08-14,Bangalore (Yeshwanthpur),Coconut,Local,FAQ,1676,2048,1862,40.5
2025-08-14,Bijapur,Wheat,Local,FAQ,1661,2031,1846,99.9
2025-08-14,Bijapur,Coconut,Local,FAQ,1485,1815,1650,24.7
2025-08-15,Hubli,Potato,Local,FAQ,544,666,605,35.4
2025-08-15,Raichur,Onion,Local,FAQ,681,833,757,88.9
2025-08-16,Mangalore,Tomato,Local,FAQ,1119,1367,1243,53.3
2025-08-16,Bijapur,Brinjal,Local,FAQ,610,746,678,38.0
2025-08-17,Karwar,Potato,Local,FAQ,864,1056,960,80.2
2025-08-17,Belgaum,Coconut,Local,FAQ,1157,1415,1286,73.7
2025-08-17,Tumkur,Potato,Local,FAQ,681,833,757,31.9
2025-08-17,Mangalore,Mango,Local,FAQ,2486,3038,2762,49.0
2025-08-18,Bellary,Brinjal,Local,FAQ,675,825,750,66.8
2025-08-18,Mangalore,Coconut,Local,FAQ,1006,1230,1118,57.7
2025-08-18,Belgaum,Rice,Local,FAQ,2596,3174,2885,66.8
2025-08-18,Shimoga,Rice,Local,FAQ,2525,3087,2806,17.5
2025-08-19,Davangere,Mango,Local,FAQ,1681,2055,1868,16.3
2025-08-19,Bellary,Tomato,Local,FAQ,1292,1580,1436,12.5
2025-08-19,Raichur,Mango,Local,FAQ,2501,3057,2779,85.4
2025-08-19,Tumkur,Wheat,Local,FAQ,1851,2263,2057,49.1
2025-08-19,Karwar,Tomato,Local,FAQ,894,1092,993,87.7
2025-08-20,Hassan,Wheat,Local,FAQ,1380,1686,1533,26.6
2025-08-20,Tumkur,Rice,Local,FAQ,1754,2144,1949,40.7
2025-08-20,Karwar,Tomato,Local,FAQ,757,925,841,9.2
2025-08-20,Mangalore,Banana,Local,FAQ,1059,1295,1177,52.7
2025-08-21,Gulbarga,Brinjal,Local,FAQ,678,828,753,48.6
2025-08-21,Bangalore (Yeshwanthpur),Onion,Local,FAQ,800,978,889,54.0
2025-08-21,Davangere,Tomato,Local,FAQ,770,941,855,37.1
2025-08-21,Mangalore,Rice,Local,FAQ,2381,2911,2646,95.1
2025-08-22,Mangalore,Coconut,Local,FAQ,1328,1623,1475,84.2
2025-08-24,Belgaum,Onion,Local,FAQ,930,1136,1033,6.2
2025-08-24,Bangalore (Yeshwanthpur),Brinjal,Local,FAQ,805,983,894,92.9
2025-08-24,Tumkur,Coconut,Local,FAQ,1202,1470,1336,21.4
2025-08-25,Bellary,Wheat,Local,FAQ,2021,2471,2246,91.5
2025-08-25,Hassan,Onion,Local,FAQ,726,888,807,18.9
2025-08-25,Bijapur,Brinjal,Local,FAQ,592,724,658,62.8
2025-08-25,Raichur,Brinjal,Local,FAQ,706,864,785,44.6
2025-08-26,Hubli,Mango,Local,FAQ,2016,2464,2240,81.9
2025-08-26,Karwar,Chilli,Local,FAQ,4005,4895,4450,85.8
2025-08-26,Bijapur,Potato,Local,FAQ,739,903,821,16.7
2025-08-26,Gulbarga,Mango,Local,FAQ,2354,2878,2616,87.0
2025-08-27,Hubli,Tomato,Local,FAQ,1150,1406,1278,6.7
2025-08-27,Hubli,Wheat,Local,FAQ,2036,2488,2262,18.5
2025-08-27,Mangalore,Wheat,Local,FAQ,1668,2038,1853,98.6
2025-08-28,Bellary,Banana,Local,FAQ,1420,1736,1578,71.8
2025-08-28,Mangalore,Mango,Local,FAQ,2072,2532,2302,9.9
2025-08-28,Tumkur,Brinjal,Local,FAQ,990,1210,1100,23.7
2025-08-29,Davangere,Mango,Local,FAQ,1480,1808,1644,6.1
2025-08-29,Dharwad,Wheat,Local,FAQ,1847,2257,2052,44.5
2025-08-29,Tumkur,Brinjal,Local,FAQ,561,685,623,22.1
2025-08-30,Tumkur,Onion,Local,FAQ,670,820,745,74.6
2025-08-30,Davangere,Rice,Local,FAQ,2777,3395,3086,65.4
2025-08-30,Davangere,Chilli,Local,FAQ,5218,6378,5798,28.1
2025-08-30,Gulbarga,Onion,Local,FAQ,980,1198,1089,81.9
2025-08-31,Karwar,Brinjal,Local,FAQ,624,762,693,27.6
2025-08-31,Belgaum,Rice,Local,FAQ,2107,2575,2341,19.7
2025-08-31,Raichur,Coconut,Local,FAQ,1368,1672,1520,86.2
2025-09-01,Tumkur,Chilli,Local,FAQ,5144,6288,5716,51.0
2025-09-02,Tumkur,Brinjal,Local,FAQ,579,707,643,53.6
2025-09-02,Belgaum,Tomato,Local,FAQ,1128,1378,1253,35.6
2025-09-03,Bangalore (Yeshwanthpur),Brinjal,Local,FAQ,824,1008,916,47.1
2025-09-03,Raichur,Tomato,Local,FAQ,750,916,833,7.2
2025-09-03,Shimoga,Potato,Local,FAQ,514,628,571,93.7
2025-09-04,Bellary,Chilli,Local,FAQ,3702,4524,4113,78.5
2025-09-04,Bangalore (Yeshwanthpur),Tomato,Local,FAQ,672,822,747,17.9
2025-09-04,Bellary,Rice,Local,FAQ,2601,3179,2890,72.1
2025-09-04,Shimoga,Onion,Local,FAQ,983,1201,1092,64.7
2025-09-04,Belgaum,Onion,Local,FAQ,889,1087,988,51.5
2025-09-04,Belgaum,Onion,Local,FAQ,837,1023,930,80.9
2025-09-04,Bangalore (Yeshwanthpur),Tomato,Local,FAQ,1010,1234,1122,25.3
2025-09-05,Mysore,Wheat,Local,FAQ,2038,2490,2264,49.4
2025-09-05,Mangalore,Brinjal,Local,FAQ,698,853,775,25.8
2025-09-05,Mangalore,Wheat,Local,FAQ,1572,1922,1747,68.5
2025-09-05,Shimoga,Mango,Local,FAQ,1668,2038,1853,96.4
2025-09-06,Raichur,Onion,Local,FAQ,896,1096,996,10.5
2025-09-06,Raichur,Rice,Local,FAQ,2108,2576,2342,60.2
2025-09-06,Mysore,Mango,Local,FAQ,2181,2665,2423,58.4
2025-09-06,Davangere,Mango,Local,FAQ,2058,2516,2287,87.8
2025-09-07,Gulbarga,Brinjal,Local,FAQ,617,755,686,53.3
2025-09-07,Dharwad,Chilli,Local,FAQ,5745,7021,6383,36.4
2025-09-08,Mangalore,Coconut,Local,FAQ,1227,1499,1363,17.1
2025-09-08,Shimoga,Chilli,Local,FAQ,5317,6499,5908,96.0
2025-09-09,Hubli,Rice,Local,FAQ,2003,2449,2226,49.5
2025-09-09,Gulbarga,Chilli,Local,FAQ,4951,6051,5501,52.4
2025-09-09,Hassan,Onion,Local,FAQ,969,1185,1077,50.1
2025-09-10,Mangalore,Rice,Local,FAQ,1787,2185,1986,83.3
2025-09-10,Mysore,Onion,Local,FAQ,979,1197,1088,29.6
2025-09-10,Dharwad,Tomato,Local,FAQ,1103,1349,1226,90.6
2025-09-10,Bellary,Chilli,Local,FAQ,3731,4561,4146,68.8
2025-09-10,Mangalore,Mango,Local,FAQ,2214,2706,2460,31.3
2025-09-10,Karwar,Chilli,Local,FAQ,4636,5666,5151,18.2
2025-09-10,Davangere,Wheat,Local,FAQ,1865,2279,2072,62.7
2025-09-11,Bangalore (Yeshwanthpur),Chilli,Local,FAQ,4224,5162,4693,97.6
2025-09-11,Gulbarga,Onion,Local,FAQ,910,1112,1011,60.6
2025-09-11,Bijapur,Mango,Local,FAQ,1403,1715,1559,10.2
2025-09-12,Belgaum,Banana,Local,FAQ,974,1190,1082,46.7
2025-09-12,Bangalore (Yeshwanthpur),Brinjal,Local,FAQ,572,698,635,18.2
2025-09-13,Karwar,Brinjal,Local,FAQ,638,780,709,33.1
2025-09-13,Bijapur,Banana,Local,FAQ,1084,1326,1205,96.0
2025-09-13,Bijapur,Coconut,Local,FAQ,1283,1569,1426,6.0
2025-09-13,Bangalore (Yeshwanthpur),Tomato,Local,FAQ,1194,1460,1327,52.5
2025-09-13,Hubli,Coconut,Local,FAQ,1140,1394,1267,59.1
2025-09-13,Mangalore,Potato,Local,FAQ,466,570,518,66.4
2025-09-13,Belgaum,Brinjal,Local,FAQ,830,1014,922,7.2
2025-09-14,Gulbarga,Rice,Local,FAQ,2532,3094,2813,98.8
2025-09-14,Dharwad,Banana,Local,FAQ,1353,1653,1503,80.1
2025-09-15,Dharwad,Tomato,Local,FAQ,1022,1248,1135,65.0
2025-09-15,Hassan,Onion,Local,FAQ,694,848,771,30.6
2025-09-15,Hassan,Wheat,Local,FAQ,1791,2189,1990,39.4
2025-09-16,Shimoga,Tomato,Local,FAQ,762,932,847,82.8
2025-09-16,Raichur,Wheat,Local,FAQ,1195,1461,1328,96.4
2025-09-16,Dharwad,Brinjal,Local,FAQ,609,745,677,35.2
2025-09-16,Hubli,Coconut,Local,FAQ,968,1182,1075,34.0
2025-09-17,Raichur,Potato,Local,FAQ,696,850,773,33.2
2025-09-17,Mangalore,Rice,Local,FAQ,2642,3230,2936,38.5
2025-09-17,Gulbarga,Chilli,Local,FAQ,5987,7317,6652,94.8
2025-09-17,Belgaum,Chilli,Local,FAQ,4029,4925,4477,95.1
2025-09-17,Hassan,Rice,Local,FAQ,1608,1966,1787,5.2
2025-09-18,Tumkur,Coconut,Local,FAQ,1426,1744,1585,83.1
2025-09-18,Bijapur,Onion,Local,FAQ,658,804,731,65.6
2025-09-18,Bellary,Banana,Local,FAQ,1300,1588,1444,96.7
2025-09-18,Bangalore (Yeshwanthpur),Wheat,Local,FAQ,1783,2179,1981,40.2
2025-09-19,Mangalore,Tomato,Local,FAQ,1125,1375,1250,23.6
2025-09-19,Shimoga,Onion,Local,FAQ,754,922,838,34.9
2025-09-20,Hubli,Coconut,Local,FAQ,1067,1305,1186,5.1
2025-09-20,Raichur,Wheat,Local,FAQ,1270,1552,1411,98.6
2025-09-20,Karwar,Tomato,Local,FAQ,1188,1452,1320,73.2
2025-09-20,Davangere,Chilli,Local,FAQ,4420,5402,4911,25.2
2025-09-21,Raichur,Onion,Local,FAQ,575,703,639,32.5
2025-09-21,Hubli,Wheat,Local,FAQ,1659,2027,1843,69.7
2025-09-21,Belgaum,Banana,Local,FAQ,1110,1356,1233,97.7
2025-09-21,Bellary,Potato,Local,FAQ,765,935,850,5.7
2025-09-22,Davangere,Chilli,Local,FAQ,5846,7145,6495,76.2
2025-09-22,Mangalore,Tomato,Local,FAQ,1155,1411,1283,19.1
2025-09-23,Shimoga,Tomato,Local,FAQ,679,829,754,83.2
2025-09-23,Shimoga,Coconut,Local,FAQ,1206,1474,1340,36.5
2025-09-23,Hassan,Rice,Local,FAQ,1556,1902,1729,11.3
2025-09-23,Hassan,Banana,Local,FAQ,1294,1582,1438,67.6
2025-09-23,Raichur,Potato,Local,FAQ,681,833,757,95.4
2025-09-24,Hassan,Wheat,Local,FAQ,1633,1995,1814,67.2
2025-09-25,Gulbarga,Brinjal,Local,FAQ,589,719,654,72.6
2025-09-25,Shimoga,Tomato,Local,FAQ,1157,1415,1286,35.4
2025-09-26,Shimoga,Banana,Local,FAQ,1366,1670,1518,64.8
2025-09-26,Hubli,Chilli,Local,FAQ,4313,5271,4792,55.0
2025-09-27,Davangere,Mango,Local,FAQ,1361,1663,1512,80.2
2025-09-27,Raichur,Coconut,Local,FAQ,1257,1537,1397,96.6
2025-09-27,Shimoga,Chilli,Local,FAQ,5944,7266,6605,97.7
2025-09-27,Belgaum,Mango,Local,FAQ,2229,2725,2477,82.7
2025-09-28,Bangalore (Yeshwanthpur),Brinjal,Local,FAQ,957,1169,1063,83.2
2025-09-28,Hubli,Banana,Local,FAQ,1337,1635,1486,5.4
2025-09-29,Mysore,Chilli,Local,FAQ,5481,6699,6090,19.3
2025-09-30,Dharwad,Coconut,Local,FAQ,1050,1284,1167,58.3
2025-09-30,Bellary,Wheat,Local,FAQ,1740,2126,1933,99.9
2025-09-30,Mysore,Coconut,Local,FAQ,1175,1437,1306,11.0
2025-09-30,Hassan,Rice,Local,FAQ,2783,3401,3092,50.2
2025-10-01,Shimoga,Tomato,Local,FAQ,739,903,821,83.3
2025-10-01,Belgaum,Rice,Local,FAQ,2793,3413,3103,54.5
2025-10-01,Karwar,Tomato,Local,FAQ,1192,1458,1325,38.8
2025-10-02,Tumkur,Brinjal,Local,FAQ,719,879,799,99.6
2025-10-04,Mysore,Chilli,Local,FAQ,6484,7924,7204,29.3
2025-10-04,Dharwad,Brinjal,Local,FAQ,640,782,711,45.7
2025-10-04,Shimoga,Brinjal,Local,FAQ,642,784,713,29.1
2025-10-05,Shimoga,Tomato,Local,FAQ,880,1076,978,5.7
2025-10-05,Bellary,Wheat,Local,FAQ,1247,1525,1386,22.2
2025-10-05,Raichur,Tomato,Local,FAQ,1179,1441,1310,44.1
2025-10-05,Gulbarga,Onion,Local,FAQ,620,758,689,53.9
2025-10-06,Gulbarga,Wheat,Local,FAQ,1541,1883,1712,32.4
2025-10-06,Mangalore,Brinjal,Local,FAQ,742,908,825,69.8
2025-10-06,Hassan,Potato,Local,FAQ,539,659,599,28.6
2025-10-06,Bangalore (Yeshwanthpur),Brinjal,Local,FAQ,659,805,732,76.7
2025-10-07,Bellary,Rice,Local,FAQ,1993,2435,2214,48.6
2025-10-07,Belgaum,Brinjal,Local,FAQ,682,834,758,56.6
2025-10-08,Shimoga,Potato,Local,FAQ,810,990,900,46.9
2025-10-09,Bellary,Tomato,Local,FAQ,1083,1323,1203,79.1
2025-10-10,Bangalore (Yeshwanthpur),Mango,Local,FAQ,1442,1762,1602,95.7
2025-10-11,Belgaum,Potato,Local,FAQ,772,944,858,31.0
2025-10-11,Hassan,Tomato,Local,FAQ,1037,1267,1152,75.0
2025-10-12,Mangalore,Rice,Local,FAQ,1832,2238,2035,73.8
2025-10-12,Karwar,Banana,Local,FAQ,1162,1420,1291,38.7
2025-10-12,Gulbarga,Wheat,Local,FAQ,2014,2462,2238,90.8
2025-10-13,Tumkur,Mango,Local,FAQ,2568,3138,2853,29.5
2025-10-14,Mysore,Onion,Local,FAQ,937,1145,1041,73.5
2025-10-14,Tumkur,Tomato,Local,FAQ,916,1120,1018,18.0
2025-10-14,Davangere,Mango,Local,FAQ,1526,1866,1696,69.7
2025-10-14,Hassan,Potato,Local,FAQ,559,683,621,37.8
2025-10-14,Shimoga,Onion,Local,FAQ,655,801,728,24.9
2025-10-15,Belgaum,Brinjal,Local,FAQ,951,1163,1057,50.8
2025-10-15,Davangere,Wheat,Local,FAQ,2059,2517,2288,37.7
2025-10-15,Bijapur,Brinjal,Local,FAQ,899,1099,999,61.5
2025-10-15,Gulbarga,Coconut,Local,FAQ,1648,2014,1831,8.9
2025-10-16,Davangere,Banana,Local,FAQ,1034,1264,1149,76.7
2025-10-16,Hubli,Onion,Local,FAQ,742,908,825,24.5
2025-10-16,Bijapur,Mango,Local,FAQ,1734,2120,1927,33.2
2025-10-16,Hassan,Rice,Local,FAQ,2180,2664,2422,27.7
2025-10-17,Dharwad,Potato,Local,FAQ,475,581,528,88.5
2025-10-17,Karwar,Coconut,Local,FAQ,949,1159,1054,40.1
2025-10-17,Bijapur,Banana,Local,FAQ,945,1155,1050,55.5
2025-10-18,Karwar,Rice,Local,FAQ,2938,3590,3264,19.8
2025-10-19,Dharwad,Rice,Local,FAQ,1914,2340,2127,21.5
2025-10-19,Dharwad,Onion,Local,FAQ,982,1200,1091,33.0
2025-10-20,Hassan,Rice,Local,FAQ,1986,2428,2207,34.2
2025-10-20,Dharwad,Chilli,Local,FAQ,5402,6602,6002,80.1
2025-10-20,Hassan,Onion,Local,FAQ,650,794,722,35.5
2025-10-20,Dharwad,Banana,Local,FAQ,958,1170,1064,15.5
2025-10-20,Raichur,Potato,Local,FAQ,591,723,657,17.8
2025-10-21,Mysore,Coconut,Local,FAQ,1435,1753,1594,27.6
2025-10-21,Bijapur,Onion,Local,FAQ,885,1081,983,44.5
2025-10-21,Bangalore (Yeshwanthpur),Chilli,Local,FAQ,4004,4894,4449,38.1
2025-10-22,Shimoga,Onion,Local,FAQ,672,822,747,41.1
2025-10-22,Bellary,Wheat,Local,FAQ,1490,1821,1655,79.2
2025-10-22,Shimoga,Rice,Local,FAQ,1811,2213,2012,81.4
2025-10-22,Gulbarga,Wheat,Local,FAQ,2083,2545,2314,99.0
2025-10-22,Belgaum,Brinjal,Local,FAQ,628,768,698,13.9
2025-10-23,Raichur,Chilli,Local,FAQ,4918,6012,5465,13.3
2025-10-23,Bellary,Potato,Local,FAQ,793,969,881,27.3
2025-10-23,Hubli,Chilli,Local,FAQ,4055,4957,4506,48.8
2025-10-24,Raichur,Wheat,Local,FAQ,1253,1531,1392,40.1
2025-10-24,Karwar,Potato,Local,FAQ,751,917,834,52.4
2025-10-25,Raichur,Rice,Local,FAQ,1979,2419,2199,68.2
2025-10-25,Bangalore (Yeshwanthpur),Chilli,Local,FAQ,5542,6774,6158,83.4
2025-10-25,Davangere,Coconut,Local,FAQ,1191,1455,1323,72.5
2025-10-25,Hubli,Rice,Local,FAQ,2666,3258,2962,38.2
2025-10-25,Belgaum,Mango,Local,FAQ,2233,2729,2481,92.1
2025-10-25,Tumkur,Potato,Local,FAQ,656,802,729,12.4
2025-10-26,Bangalore (Yeshwanthpur),Rice,Local,FAQ,1839,2247,2043,46.7
2025-10-26,Hubli,Wheat,Local,FAQ,1612,1970,1791,78.8
2025-10-26,Shimoga,Potato,Local,FAQ,582,712,647,31.5
2025-10-27,Gulbarga,Mango,Local,FAQ,1822,2228,2025,81.7
2025-10-28,Hubli,Tomato,Local,FAQ,882,1078,980,17.8
2025-10-28,Bijapur,Brinjal,Local,FAQ,739,903,821,80.9
2025-10-28,Tumkur,Banana,Local,FAQ,1462,1786,1624,88.0
2025-10-29,Bijapur,Chilli,Local,FAQ,4298,5252,4775,60.1
2025-10-29,Raichur,Brinjal,Local,FAQ,806,986,896,60.4
2025-10-29,Bellary,Tomato,Local,FAQ,1157,1415,1286,88.6
2025-10-30,Mangalore,Onion,Local,FAQ,870,1064,967,8.6
2025-10-30,Hassan,Brinjal,Local,FAQ,768,938,853,54.0
2025-10-31,Karwar,Banana,Local,FAQ,1003,1225,1114,28.4
2025-11-01,Mangalore,Chilli,Local,FAQ,7011,8569,7790,36.7
2025-11-02,Bijapur,Potato,Local,FAQ,645,789,717,25.5
2025-11-02,Mangalore,Brinjal,Local,FAQ,713,871,792,23.6
2025-11-03,Belgaum,Coconut,Local,FAQ,1605,1961,1783,50.6
2025-11-03,Bangalore (Yeshwanthpur),Banana,Local,FAQ,1107,1353,1230,74.8
2025-11-04,Bijapur,Chilli,Local,FAQ,6279,7675,6977,13.4
2025-11-04,Shimoga,Brinjal,Local,FAQ,1089,1331,1210,8.3
2025-11-04,Tumkur,Tomato,Local,FAQ,1490,1822,1656,41.7
2025-11-04,Davangere,Coconut,Local,FAQ,1707,2087,1897,18.2
2025-11-05,Bellary,Tomato,Local,FAQ,812,992,902,29.0
2025-11-05,Bellary,Potato,Local,FAQ,883,1079,981,64.9
2025-11-05,Dharwad,Banana,Local,FAQ,1725,2109,1917,22.3
2025-11-06,Belgaum,Potato,Local,FAQ,842,1030,936,99.5
2025-11-06,Tumkur,Mango,Local,FAQ,2027,2477,2252,23.6
2025-11-06,Hassan,Wheat,Local,FAQ,2181,2665,2423,99.7
2025-11-07,Gulbarga,Onion,Local,FAQ,1039,1269,1154,69.7
2025-11-07,Karwar,Mango,Local,FAQ,2050,2506,2278,81.5
2025-11-07,Davangere,Mango,Local,FAQ,2188,2674,2431,21.9
2025-11-07,Shimoga,Potato,Local,FAQ,594,726,660,20.7
2025-11-07,Bangalore (Yeshwanthpur),Banana,Local,FAQ,1525,1863,1694,93.1
2025-11-07,Belgaum,Chilli,Local,FAQ,5663,6921,6292,64.6
2025-11-07,Gulbarga,Brinjal,Local,FAQ,863,1055,959,56.1
2025-11-08,Raichur,Onion,Local,FAQ,944,1154,1049,57.5
2025-11-08,Mysore,Potato,Local,FAQ,917,1121,1019,54.8
2025-11-08,Davangere,Banana,Local,FAQ,1279,1563,1421,88.7
2025-11-09,Shimoga,Mango,Local,FAQ,2553,3121,2837,51.1
2025-11-09,Hassan,Potato,Local,FAQ,706,862,784,5.5
2025-11-10,Bellary,Wheat,Local,FAQ,2333,2851,2592,42.7
2025-11-10,Bellary,Potato,Local,FAQ,682,834,758,78.9
2025-11-10,Tumkur,Coconut,Local,FAQ,1830,2236,2033,88.7
2025-11-11,Dharwad,Coconut,Local,FAQ,1469,1795,1632,56.3
2025-11-11,Gulbarga,Onion,Local,FAQ,718,878,798,77.1
2025-11-12,Belgaum,Onion,Local,FAQ,678,828,753,72.0
2025-11-12,Dharwad,Coconut,Local,FAQ,1076,1316,1196,75.2
2025-11-12,Belgaum,Banana,Local,FAQ,1051,1285,1168,60.5
2025-11-12,Dharwad,Tomato,Local,FAQ,1398,1708,1553,82.8
2025-11-13,Hassan,Rice,Local,FAQ,3037,3711,3374,7.5
2025-11-13,Bellary,Rice,Local,FAQ,1919,2345,2132,17.5
2025-11-13,Bangalore (Yeshwanthpur),Wheat,Local,FAQ,2441,2983,2712,78.6
2025-11-13,Dharwad,Tomato,Local,FAQ,1084,1326,1205,17.1
2025-11-13,Dharwad,Tomato,Local,FAQ,1226,1498,1362,86.8
2025-11-13,Bijapur,Chilli,Local,FAQ,7700,9410,8555,30.5
2025-11-14,Bijapur,Wheat,Local,FAQ,1768,2162,1965,31.8
2025-11-14,Mysore,Tomato,Local,FAQ,1255,1533,1394,39.2
2025-11-14,Raichur,Rice,Local,FAQ,3351,4095,3723,58.6
2025-11-15,Dharwad,Chilli,Local,FAQ,4556,5568,5062,9.1
2025-11-15,Raichur,Tomato,Local,FAQ,1040,1272,1156,7.1
2025-11-15,Bijapur,Wheat,Local,FAQ,1820,2224,2022,31.0
2025-11-15,Bellary,Banana,Local,FAQ,1760,2152,1956,73.0
2025-11-16,Bangalore (Yeshwanthpur),Potato,Local,FAQ,638,780,709,47.3
2025-11-16,Dharwad,Potato,Local,FAQ,866,1058,962,85.5
2025-11-16,Hubli,Chilli,Local,FAQ,6674,8157,7415,75.5
2025-11-16,Dharwad,Wheat,Local,FAQ,1794,2192,1993,85.0
2025-11-17,Karwar,Chilli,Local,FAQ,5174,6324,5749,11.6
2025-11-17,Bellary,Mango,Local,FAQ,2178,2662,2420,83.4
2025-11-17,Dharwad,Coconut,Local,FAQ,1152,1408,1280,96.3
2025-11-18,Karwar,Mango,Local,FAQ,1921,2347,2134,24.1
2025-11-19,Shimoga,Wheat,Local,FAQ,2060,2518,2289,64.2
2025-11-20,Davangere,Brinjal,Local,FAQ,746,912,829,72.6
2025-11-20,Belgaum,Potato,Local,FAQ,973,1189,1081,35.2
2025-11-20,Raichur,Potato,Local,FAQ,979,1197,1088,63.6
2025-11-21,Belgaum,Potato,Local,FAQ,790,966,878,33.8
2025-11-21,Belgaum,Coconut,Local,FAQ,1809,2211,2010,58.2
2025-11-21,Bellary,Onion,Local,FAQ,698,854,776,30.3
2025-11-22,Mangalore,Coconut,Local,FAQ,1914,2340,2127,76.7
2025-11-22,Hassan,Brinjal,Local,FAQ,878,1072,975,83.4
2025-11-22,Shimoga,Mango,Local,FAQ,1608,1966,1787,14.3
2025-11-23,Shimoga,Mango,Local,FAQ,2804,3428,3116,7.2
2025-11-23,Shimoga,Mango,Local,FAQ,1866,2280,2073,79.5
2025-11-24,Bellary,Wheat,Local,FAQ,1372,1676,1524,58.2
2025-11-24,Bellary,Chilli,Local,FAQ,5598,6842,6220,93.8
2025-11-25,Hubli,Chilli,Local,FAQ,4946,6046,5496,7.8
2025-11-25,Hubli,Chilli,Local,FAQ,7019,8579,7799,12.7
2025-11-25,Mangalore,Rice,Local,FAQ,3354,4100,3727,10.2
2025-11-25,Gulbarga,Onion,Local,FAQ,940,1150,1045,27.0
2025-11-25,Belgaum,Rice,Local,FAQ,2086,2550,2318,7.8
2025-11-25,Tumkur,Brinjal,Local,FAQ,959,1173,1066,12.6
2025-11-25,Raichur,Wheat,Local,FAQ,2406,2940,2673,85.5
2025-11-26,Mysore,Rice,Local,FAQ,1958,2394,2176,88.7
2025-11-26,Gulbarga,Wheat,Local,FAQ,2397,2929,2663,18.6
2025-11-26,Karwar,Wheat,Local,FAQ,2372,2900,2636,63.9
2025-11-26,Karwar,Coconut,Local,FAQ,1450,1772,1611,29.7
2025-11-27,Davangere,Rice,Local,FAQ,3048,3726,3387,49.3
2025-11-27,Belgaum,Coconut,Local,FAQ,1309,1599,1454,22.9
2025-11-27,Karwar,Potato,Local,FAQ,896,1094,995,54.4
2025-11-27,Mangalore,Onion,Local,FAQ,1165,1423,1294,57.5
2025-11-27,Mangalore,Chilli,Local,FAQ,5289,6465,5877,62.9
2025-11-27,Belgaum,Onion,Local,FAQ,994,1216,1105,13.2
2025-11-27,Belgaum,Tomato,Local,FAQ,864,1056,960,25.1
2025-11-28,Bijapur,Potato,Local,FAQ,821,1003,912,50.7
2025-11-28,Shimoga,Chilli,Local,FAQ,5000,6112,5556,92.1
2025-11-28,Karwar,Tomato,Local,FAQ,1348,1648,1498,54.6
2025-11-28,Hubli,Potato,Local,FAQ,914,1118,1016,90.3
2025-11-29,Bellary,Potato,Local,FAQ,926,1132,1029,82.4
2025-11-30,Dharwad,Rice,Local,FAQ,3140,3838,3489,73.7
2025-11-30,Tumkur,Brinjal,Local,FAQ,724,884,804,53.2
2025-11-30,Bellary,Banana,Local,FAQ,1465,1791,1628,75.7
2025-11-30,Bangalore (Yeshwanthpur),Wheat,Local,FAQ,2156,2634,2395,78.5
2025-12-01,Shimoga,Potato,Local,FAQ,769,939,854,91.5
2025-12-02,Bijapur,Potato,Local,FAQ,985,1203,1094,80.1
2025-12-02,Dharwad,Wheat,Local,FAQ,1639,2003,1821,85.3
2025-12-03,Dharwad,Banana,Local,FAQ,2049,2505,2277,60.3
2025-12-03,Karwar,Mango,Local,FAQ,1914,2340,2127,35.9
2025-12-04,Karwar,Rice,Local,FAQ,3184,3892,3538,17.2
2025-12-04,Mangalore,Onion,Local,FAQ,1372,1678,1525,53.9
2025-12-04,Mangalore,Brinjal,Local,FAQ,1084,1326,1205,45.9
2025-12-05,Mangalore,Onion,Local,FAQ,1067,1305,1186,27.2
2025-12-05,Hubli,Potato,Local,FAQ,1018,1244,1131,27.8
2025-12-05,Bangalore (Yeshwanthpur),Coconut,Local,FAQ,2101,2567,2334,60.4
2025-12-05,Mysore,Potato,Local,FAQ,1038,1268,1153,21.9
2025-12-06,Gulbarga,Coconut,Local,FAQ,2007,2453,2230,49.1
2025-12-06,Hubli,Coconut,Local,FAQ,1632,1994,1813,46.3
2025-12-06,Dharwad,Chilli,Local,FAQ,8001,9779,8890,93.0
2025-12-06,Karwar,Wheat,Local,FAQ,2423,2961,2692,24.0
2025-12-07,Bijapur,Wheat,Local,FAQ,2200,2688,2444,66.4
2025-12-07,Shimoga,Chilli,Local,FAQ,6323,7729,7026,97.8
2025-12-07,Belgaum,Chilli,Local,FAQ,6466,7904,7185,78.0
2025-12-08,Belgaum,Tomato,Local,FAQ,1364,1668,1516,92.4
2025-12-08,Belgaum,Wheat,Local,FAQ,1750,2138,1944,66.9
2025-12-09,Bangalore (Yeshwanthpur),Brinjal,Local,FAQ,1023,1251,1137,40.0
2025-12-09,Raichur,Banana,Local,FAQ,1436,1756,1596,40.2
2025-12-09,Raichur,Chilli,Local,FAQ,6986,8538,7762,92.9
2025-12-09,Hassan,Potato,Local,FAQ,849,1037,943,82.0
2025-12-09,Bijapur,Onion,Local,FAQ,1393,1703,1548,70.0
2025-12-10,Karwar,Potato,Local,FAQ,1097,1341,1219,10.7
2025-12-10,Karwar,Tomato,Local,FAQ,1675,2047,1861,61.8
2025-12-10,Karwar,Rice,Local,FAQ,3813,4661,4237,30.1
2025-12-10,Bijapur,Onion,Local,FAQ,937,1145,1041,34.5
2025-12-11,Dharwad,Brinjal,Local,FAQ,793,969,881,82.2
2025-12-12,Mysore,Tomato,Local,FAQ,1568,1916,1742,48.6
2025-12-12,Shimoga,Chilli,Local,FAQ,8247,10079,9163,10.7
2025-12-12,Mysore,Potato,Local,FAQ,1095,1339,1217,66.7
2025-12-12,Mysore,Coconut,Local,FAQ,2147,2625,2386,15.1
2025-12-13,Belgaum,Mango,Local,FAQ,2229,2725,2477,11.1
2025-12-13,Shimoga,Banana,Local,FAQ,1773,2167,1970,63.2
2025-12-13,Dharwad,Onion,Local,FAQ,1022,1248,1135,26.1
2025-12-13,Shimoga,Brinjal,Local,FAQ,1038,1268,1153,9.3
2025-12-14,Bellary,Banana,Local,FAQ,1618,1978,1798,84.2
2025-12-14,Raichur,Tomato,Local,FAQ,1541,1883,1712,89.5
2025-12-15,Raichur,Chilli,Local,FAQ,7060,8630,7845,37.3
2025-12-15,Hassan,Brinjal,Local,FAQ,916,1120,1018,46.6
2025-12-15,Karwar,Onion,Local,FAQ,1126,1376,1251,47.7
2025-12-16,Belgaum,Potato,Local,FAQ,1033,1263,1148,16.4
2025-12-16,Hassan,Chilli,Local,FAQ,6770,8274,7522,31.2
2025-12-16,Hubli,Wheat,Local,FAQ,2355,2879,2617,96.0
2025-12-17,Mysore,Banana,Local,FAQ,1962,2398,2180,56.1
2025-12-17,Karwar,Banana,Local,FAQ,1323,1617,1470,27.1
2025-12-18,Hubli,Coconut,Local,FAQ,1673,2045,1859,26.7
2025-12-18,Hubli,Brinjal,Local,FAQ,1100,1344,1222,27.9
2025-12-19,Gulbarga,Chilli,Local,FAQ,6243,7631,6937,42.8
2025-12-19,Belgaum,Banana,Local,FAQ,1148,1404,1276,9.3
2025-12-20,Belgaum,Tomato,Local,FAQ,1012,1236,1124,99.8
2025-12-20,Mangalore,Mango,Local,FAQ,3004,3672,3338,72.6
2025-12-20,Bijapur,Coconut,Local,FAQ,2309,2823,2566,73.2
2025-12-21,Mangalore,Chilli,Local,FAQ,7800,9534,8667,27.3
2025-12-21,Shimoga,Banana,Local,FAQ,1827,2233,2030,48.1
2025-12-22,Karwar,Rice,Local,FAQ,2587,3161,2874,35.4
2025-12-22,Tumkur,Coconut,Local,FAQ,1369,1673,1521,19.1
2025-12-22,Bangalore (Yeshwanthpur),Potato,Local,FAQ,867,1059,963,64.3
2025-12-22,Bangalore (Yeshwanthpur),Onion,Local,FAQ,928,1134,1031,42.0
2025-12-23,Raichur,Banana,Local,FAQ,1406,1718,1562,54.7
2025-12-23,Belgaum,Coconut,Local,FAQ,2296,2806,2551,73.6
2025-12-23,Gulbarga,Mango,Local,FAQ,1894,2316,2105,5.3
2025-12-24,Bijapur,Potato,Local,FAQ,842,1030,936,25.7
2025-12-25,Bangalore (Yeshwanthpur),Coconut,Local,FAQ,2053,2509,2281,83.1
2025-12-25,Bellary,Mango,Local,FAQ,3310,4046,3678,22.6
2025-12-25,Bangalore (Yeshwanthpur),Onion,Local,FAQ,998,1220,1109,90.2
2025-12-26,Bellary,Coconut,Local,FAQ,1560,1906,1733,19.7
2025-12-27,Karwar,Tomato,Local,FAQ,1731,2115,1923,63.3
2025-12-27,Davangere,Onion,Local,FAQ,1278,1562,1420,92.9
2025-12-27,Raichur,Brinjal,Local,FAQ,1120,1368,1244,39.9
2025-12-28,Belgaum,Onion,Local,FAQ,1011,1235,1123,25.1
2025-12-28,Raichur,Banana,Local,FAQ,2087,2551,2319,37.7
2025-12-29,Belgaum,Coconut,Local,FAQ,2255,2757,2506,84.7
2025-12-29,Mangalore,Wheat,Local,FAQ,2722,3326,3024,81.8
2025-12-29,Hubli,Wheat,Local,FAQ,2092,2556,2324,79.8
2025-12-30,Gulbarga,Wheat,Local,FAQ,2601,3179,2890,52.2
2025-12-30,Mangalore,Tomato,Local,FAQ,1679,2053,1866,40.4
2025-12-31,Bangalore (Yeshwanthpur),Chilli,Local,FAQ,8088,9886,8987,78.7
2025-12-31,Mangalore,Onion,Local,FAQ,1310,1602,1456,13.3
2025-12-31,Davangere,Brinjal,Local,FAQ,1386,1694,1540,75.6
2025-12-31,Karwar,Potato,Local,FAQ,1032,1262,1147,81.8
2026-01-01,Tumkur,Wheat,Local,FAQ,2104,2572,2338,28.0
2026-01-02,Mysore,Mango,Local,FAQ,3694,4514,4104,74.6
2026-01-02,Bellary,Chilli,Local,FAQ,8466,10348,9407,20.1
2026-01-02,Hubli,Coconut,Local,FAQ,1505,1839,1672,75.9
2026-01-02,Dharwad,Brinjal,Local,FAQ,1166,1426,1296,12.7
2026-01-03,Raichur,Coconut,Local,FAQ,1485,1815,1650,68.3
2026-01-03,Tumkur,Potato,Local,FAQ,765,935,850,40.0
2026-01-03,Raichur,Tomato,Local,FAQ,1826,2232,2029,63.3
2026-01-04,Bellary,Rice,Local,FAQ,4476,5470,4973,13.0
2026-01-04,Davangere,Wheat,Local,FAQ,2785,3403,3094,86.7
2026-01-04,Belgaum,Chilli,Local,FAQ,6553,8009,7281,10.0
2026-01-05,Hubli,Mango,Local,FAQ,2699,3299,2999,42.5
2026-01-05,Davangere,Coconut,Local,FAQ,1616,1976,1796,20.6
2026-01-05,Tumkur,Brinjal,Local,FAQ,1483,1813,1648,83.8
2026-01-05,Davangere,Brinjal,Local,FAQ,1229,1503,1366,75.4
2026-01-05,Bangalore (Yeshwanthpur),Potato,Local,FAQ,1254,1532,1393,56.2
2026-01-05,Mangalore,Rice,Local,FAQ,4369,5339,4854,11.9
2026-01-05,Dharwad,Banana,Local,FAQ,1602,1958,1780,7.7
2026-01-06,Davangere,Rice,Local,FAQ,2973,3633,3303,16.7
2026-01-06,Dharwad,Rice,Local,FAQ,3005,3673,3339,51.3
2026-01-07,Tumkur,Banana,Local,FAQ,1354,1654,1504,46.4
2026-01-08,Dharwad,Chilli,Local,FAQ,8654,10576,9615,73.1
2026-01-08,Shimoga,Wheat,Local,FAQ,2161,2641,2401,59.4
2026-01-08,Mangalore,Brinjal,Local,FAQ,1353,1653,1503,53.2
2026-01-08,Gulbarga,Coconut,Local,FAQ,2233,2729,2481,25.5
2026-01-08,Bijapur,Rice,Local,FAQ,2579,3153,2866,24.4
2026-01-08,Davangere,Potato,Local,FAQ,818,1000,909,22.6
2026-01-08,Gulbarga,Onion,Local,FAQ,1053,1287,1170,95.1
2026-01-09,Bangalore (Yeshwanthpur),Banana,Local,FAQ,2415,2951,2683,91.5
2026-01-09,Mysore,Brinjal,Local,FAQ,1195,1461,1328,78.7
2026-01-09,Mangalore,Banana,Local,FAQ,1983,2423,2203,58.3
2026-01-09,Mysore,Brinjal,Local,FAQ,1401,1713,1557,19.8
2026-01-09,Mangalore,Rice,Local,FAQ,3569,4363,3966,39.4
2026-01-10,Belgaum,Coconut,Local,FAQ,1474,1802,1638,79.1
2026-01-10,Bijapur,Mango,Local,FAQ,3006,3674,3340,12.4
2026-01-10,Gulbarga,Wheat,Local,FAQ,2696,3296,2996,82.6
2026-01-10,Karwar,Rice,Local,FAQ,3303,4037,3670,83.9
2026-01-11,Gulbarga,Onion,Local,FAQ,1262,1542,1402,58.4
2026-01-12,Bellary,Tomato,Local,FAQ,1964,2400,2182,85.6
2026-01-13,Bangalore (Yeshwanthpur),Potato,Local,FAQ,754,922,838,58.7
2026-01-13,Shimoga,Potato,Local,FAQ,1032,1262,1147,72.4
2026-01-13,Belgaum,Brinjal,Local,FAQ,1401,1713,1557,60.2
2026-01-13,Bijapur,Tomato,Local,FAQ,1200,1466,1333,83.6
2026-01-13,Karwar,Potato,Local,FAQ,968,1184,1076,64.5
2026-01-13,Bangalore (Yeshwanthpur),Mango,Local,FAQ,3569,4363,3966,63.2
2026-01-14,Hassan,Potato,Local,FAQ,1093,1335,1214,6.7
2026-01-14,Karwar,Brinjal,Local,FAQ,1478,1806,1642,96.8
2026-01-14,Dharwad,Wheat,Local,FAQ,2567,3137,2852,75.2
2026-01-14,Hubli,Chilli,Local,FAQ,8798,10754,9776,64.1
2026-01-15,Mangalore,Coconut,Local,FAQ,1954,2388,2171,74.6
2026-01-15,Hubli,Potato,Local,FAQ,1064,1300,1182,57.2
2026-01-15,Belgaum,Chilli,Local,FAQ,6772,8276,7524,40.5
2026-01-15,Belgaum,Banana,Local,FAQ,2237,2735,2486,13.6
2026-01-16,Dharwad,Brinjal,Local,FAQ,1371,1675,1523,53.2
2026-01-16,Raichur,Banana,Local,FAQ,2282,2788,2535,63.8
2026-01-16,Bijapur,Coconut,Local,FAQ,2380,2908,2644,67.9
2026-01-17,Hubli,Potato,Local,FAQ,799,977,888,48.0
2026-01-17,Shimoga,Potato,Local,FAQ,1046,1278,1162,29.7
2026-01-17,Hassan,Mango,Local,FAQ,3863,4721,4292,40.3
2026-01-17,Hubli,Tomato,Local,FAQ,1579,1929,1754,36.3
2026-01-18,Shimoga,Banana,Local,FAQ,1339,1637,1488,56.5
2026-01-18,Shimoga,Tomato,Local,FAQ,1202,1469,1335,69.9
2026-01-18,Tumkur,Tomato,Local,FAQ,1395,1705,1550,70.1
2026-01-18,Shimoga,Potato,Local,FAQ,1066,1304,1185,12.2
2026-01-18,Belgaum,Coconut,Local,FAQ,1660,2028,1844,40.6
2026-01-19,Davangere,Potato,Local,FAQ,886,1084,985,94.9
2026-01-19,Karwar,Mango,Local,FAQ,3052,3730,3391,38.0
2026-01-19,Raichur,Banana,Local,FAQ,1811,2213,2012,56.4
2026-01-20,Tumkur,Tomato,Local,FAQ,2011,2457,2234,27.0
2026-01-21,Bangalore (Yeshwanthpur),Banana,Local,FAQ,2021,2471,2246,63.5
2026-01-21,Karwar,Onion,Local,FAQ,1338,1636,1487,83.6
2026-01-21,Bijapur,Onion,Local,FAQ,899,1099,999,99.0
2026-01-21,Bellary,Potato,Local,FAQ,807,987,897,10.6
2026-01-22,Hassan,Wheat,Local,FAQ,3118,3812,3465,81.3
2026-01-22,Hassan,Coconut,Local,FAQ,2472,3022,2747,98.6
2026-01-22,Shimoga,Banana,Local,FAQ,1861,2275,2068,35.8
2026-01-23,Tumkur,Rice,Local,FAQ,3140,3838,3489,91.1
2026-01-23,Mangalore,Mango,Local,FAQ,2653,3243,2948,15.5
2026-01-23,Bangalore (Yeshwanthpur),Coconut,Local,FAQ,1994,2438,2216,94.8
2026-01-23,Gulbarga,Chilli,Local,FAQ,9667,11815,10741,50.9
2026-01-24,Gulbarga,Banana,Local,FAQ,1911,2335,2123,41.7
2026-01-24,Tumkur,Tomato,Local,FAQ,1793,2191,1992,17.6
2026-01-24,Hubli,Brinjal,Local,FAQ,1174,1436,1305,77.4
2026-01-25,Tumkur,Wheat,Local,FAQ,2277,2783,2530,62.4
2026-01-25,Gulbarga,Tomato,Local,FAQ,1106,1352,1229,25.3
2026-01-26,Tumkur,Banana,Local,FAQ,2106,2574,2340,63.2
2026-01-26,Bellary,Tomato,Local,FAQ,1778,2174,1976,95.9
2026-01-27,Shimoga,Onion,Local,FAQ,952,1164,1058,77.6
2026-01-28,Mysore,Coconut,Local,FAQ,1534,1876,1705,14.3
2026-01-28,Hassan,Rice,Local,FAQ,3049,3727,3388,45.3
2026-01-28,Dharwad,Rice,Local,FAQ,4335,5299,4817,72.8
2026-01-28,Hassan,Brinjal,Local,FAQ,1544,1887,1715,43.9
2026-01-29,Davangere,Tomato,Local,FAQ,1958,2392,2175,57.7
2026-01-29,Shimoga,Tomato,Local,FAQ,1916,2342,2129,51.9
2026-01-29,Hassan,Potato,Local,FAQ,1321,1615,1468,7.4
2026-01-29,Shimoga,Tomato,Local,FAQ,1666,2036,1851,48.2
2026-01-29,Mysore,Tomato,Local,FAQ,1700,2078,1889,45.9
2026-01-30,Mangalore,Tomato,Local,FAQ,1290,1576,1433,91.6
2026-01-30,Mysore,Chilli,Local,FAQ,9063,11077,10070,35.2
2026-01-30,Raichur,Mango,Local,FAQ,3128,3824,3476,73.0
2026-01-30,Gulbarga,Coconut,Local,FAQ,1784,2180,1982,75.8
2026-01-30,Mysore,Brinjal,Local,FAQ,1530,1870,1700,91.5
2026-01-31,Davangere,Rice,Local,FAQ,3415,4173,3794,92.2
2026-01-31,Tumkur,Onion,Local,FAQ,951,1163,1057,10.1
2026-01-31,Davangere,Banana,Local,FAQ,1781,2177,1979,45.0
2026-01-31,Davangere,Coconut,Local,FAQ,2056,2512,2284,99.6
2026-02-01,Gulbarga,Chilli,Local,FAQ,8783,10735,9759,20.6
2026-02-01,Bangalore (Yeshwanthpur),Onion,Local,FAQ,1062,1298,1180,18.7
2026-02-02,Bellary,Mango,Local,FAQ,4212,5148,4680,84.7
2026-02-02,Raichur,Potato,Local,FAQ,1215,1485,1350,62.9
2026-02-03,Raichur,Banana,Local,FAQ,1882,2300,2091,8.6
2026-02-03,Tumkur,Potato,Local,FAQ,1244,1520,1382,88.3
2026-02-03,Shimoga,Brinjal,Local,FAQ,1760,2150,1955,31.8
2026-02-03,Tumkur,Coconut,Local,FAQ,2596,3174,2885,84.0
2026-02-04,Hubli,Chilli,Local,FAQ,7401,9045,8223,13.6
2026-02-04,Bijapur,Onion,Local,FAQ,1734,2120,1927,40.0
2026-02-04,Bijapur,Chilli,Local,FAQ,8599,10509,9554,32.6
2026-02-04,Davangere,Potato,Local,FAQ,987,1207,1097,76.9
2026-02-05,Mysore,Rice,Local,FAQ,4460,5450,4955,81.3
2026-02-05,Davangere,Potato,Local,FAQ,1248,1526,1387,89.1
2026-02-06,Raichur,Coconut,Local,FAQ,1932,2362,2147,36.1
2026-02-06,Tumkur,Potato,Local,FAQ,976,1192,1084,61.2
2026-02-06,Karwar,Chilli,Local,FAQ,9489,11597,10543,93.8
2026-02-06,Bangalore (Yeshwanthpur),Banana,Local,FAQ,2570,3141,2855,16.1
2026-02-07,Bellary,Onion,Local,FAQ,1328,1623,1475,28.3
2026-02-08,Bellary,Tomato,Local,FAQ,1890,2310,2100,60.2
2026-02-08,Hassan,Chilli,Local,FAQ,8498,10386,9442,94.7
2026-02-08,Bijapur,Mango,Local,FAQ,3314,4050,3682,98.8
2026-02-08,Karwar,Potato,Local,FAQ,1103,1349,1226,61.1
2026-02-09,Bangalore (Yeshwanthpur),Potato,Local,FAQ,1046,1278,1162,62.3
2026-02-09,Bellary,Chilli,Local,FAQ,8162,9976,9069,57.0
2026-02-09,Bijapur,Coconut,Local,FAQ,2440,2982,2711,85.6
2026-02-09,Davangere,Wheat,Local,FAQ,2345,2867,2606,84.3
2026-02-10,Belgaum,Chilli,Local,FAQ,6820,8336,7578,9.7
2026-02-10,Hubli,Onion,Local,FAQ,1312,1604,1458,51.0
2026-02-10,Raichur,Banana,Local,FAQ,2444,2988,2716,46.5
2026-02-10,Gulbarga,Chilli,Local,FAQ,9551,11673,10612,38.5
2026-02-11,Bijapur,Mango,Local,FAQ,4364,5334,4849,45.0
2026-02-11,Karwar,Brinjal,Local,FAQ,1386,1694,1540,26.4
2026-02-11,Raichur,Rice,Local,FAQ,4404,5382,4893,92.8
2026-02-12,Tumkur,Onion,Local,FAQ,1516,1854,1685,98.6
2026-02-12,Gulbarga,Potato,Local,FAQ,1240,1516,1378,83.5
2026-02-12,Davangere,Banana,Local,FAQ,2498,3053,2775,83.6
2026-02-12,Mangalore,Onion,Local,FAQ,1693,2069,1881,25.3
2026-02-12,Dharwad,Mango,Local,FAQ,3714,4540,4127,93.6
2026-02-13,Bijapur,Chilli,Local,FAQ,9850,12040,10945,38.7
2026-02-13,Shimoga,Mango,Local,FAQ,2759,3373,3066,32.8
2026-02-13,Belgaum,Potato,Local,FAQ,830,1014,922,6.2
2026-02-13,Hassan,Potato,Local,FAQ,1163,1421,1292,34.3
2026-02-13,Shimoga,Tomato,Local,FAQ,1805,2207,2006,63.5
2026-02-13,Shimoga,Potato,Local,FAQ,1081,1321,1201,74.2
2026-02-13,Davangere,Banana,Local,FAQ,1888,2308,2098,40.8
2026-02-14,Bangalore (Yeshwanthpur),Mango,Local,FAQ,4138,5058,4598,18.8
2026-02-14,Bangalore (Yeshwanthpur),Onion,Local,FAQ,964,1178,1071,31.7
2026-02-15,Karwar,Tomato,Local,FAQ,1268,1550,1409,79.5
2026-02-16,Bangalore (Yeshwanthpur),Mango,Local,FAQ,3221,3937,3579,92.5
2026-02-16,Tumkur,Mango,Local,FAQ,4288,5240,4764,19.7
2026-02-16,Hubli,Onion,Local,FAQ,1216,1486,1351,44.6
2026-02-16,Mangalore,Tomato,Local,FAQ,1905,2329,2117,70.7
2026-02-17,Belgaum,Mango,Local,FAQ,2768,3384,3076,68.3
2026-02-17,Karwar,Potato,Local,FAQ,838,1024,931,35.6
2026-02-17,Hubli,Potato,Local,FAQ,922,1128,1025,10.1
2026-02-17,Mysore,Chilli,Local,FAQ,10712,13092,11902,41.8
2026-02-18,Hubli,Brinjal,Local,FAQ,1663,2033,1848,26.4
2026-02-18,Hubli,Banana,Local,FAQ,1907,2331,2119,6.2
2026-02-18,Hassan,Tomato,Local,FAQ,1489,1819,1654,76.8
2026-02-18,Karwar,Wheat,Local,FAQ,3658,4470,4064,13.2
2026-02-19,Raichur,Brinjal,Local,FAQ,1046,1278,1162,10.0
2026-02-20,Bellary,Onion,Local,FAQ,1547,1891,1719,65.2
2026-02-20,Raichur,Banana,Local,FAQ,1996,2440,2218,71.0
2026-02-21,Bijapur,Brinjal,Local,FAQ,1182,1444,1313,98.2
2026-02-21,Bellary,Banana,Local,FAQ,1696,2072,1884,30.3
2026-02-21,Mangalore,Onion,Local,FAQ,1150,1406,1278,62.9
2026-02-22,Hubli,Wheat,Local,FAQ,3668,4482,4075,41.9
2026-02-22,Hassan,Coconut,Local,FAQ,1804,2206,2005,91.2
2026-02-22,Davangere,Coconut,Local,FAQ,2755,3367,3061,68.5
2026-02-22,Hubli,Brinjal,Local,FAQ,1229,1503,1366,68.9
2026-02-22,Hubli,Potato,Local,FAQ,1408,1720,1564,40.3
2026-02-22,Tumkur,Wheat,Local,FAQ,3146,3845,3495,67.2
2026-02-23,Bijapur,Chilli,Local,FAQ,7880,9632,8756,28.9
2026-02-23,Gulbarga,Tomato,Local,FAQ,2204,2694,2449,78.9
2026-02-23,Bangalore (Yeshwanthpur),Banana,Local,FAQ,1778,2172,1975,86.6
2026-02-23,Mangalore,Coconut,Local,FAQ,2650,3240,2945,53.8
2026-02-23,Karwar,Brinjal,Local,FAQ,1637,2001,1819,18.0
2026-02-24,Hubli,Chilli,Local,FAQ,8978,10972,9975,19.2
2026-02-25,Raichur,Coconut,Local,FAQ,2332,2850,2591,45.1
2026-02-25,Gulbarga,Coconut,Local,FAQ,2016,2464,2240,54.9
2026-02-25,Davangere,Onion,Local,FAQ,1336,1634,1485,90.0
2026-02-25,Hubli,Coconut,Local,FAQ,2795,3417,3106,89.4
2026-02-25,Hubli,Tomato,Local,FAQ,2136,2610,2373,42.0
2026-02-26,Mangalore,Wheat,Local,FAQ,2691,3289,2990,94.9
2026-02-26,Hubli,Rice,Local,FAQ,5008,6120,5564,7.5
2026-02-26,Mangalore,Chilli,Local,FAQ,7068,8638,7853,39.0
2026-02-27,Shimoga,Potato,Local,FAQ,896,1094,995,42.6
2026-02-27,Hassan,Wheat,Local,FAQ,2542,3108,2825,35.4
2026-02-27,Davangere,Tomato,Local,FAQ,1578,1928,1753,84.7
2026-02-28,Bangalore (Yeshwanthpur),Onion,Local,FAQ,1434,1752,1593,21.3
2026-02-28,Bijapur,Rice,Local,FAQ,4764,5822,5293,54.6
2026-02-28,Dharwad,Mango,Local,FAQ,3759,4595,4177,58.8
2026-03-01,Hubli,Banana,Local,FAQ,2686,3284,2985,50.3
2026-03-01,Bellary,Brinjal,Local,FAQ,1188,1452,1320,31.9
2026-03-02,Dharwad,Coconut,Local,FAQ,3002,3670,3336,9.4
2026-03-03,Bangalore (Yeshwanthpur),Brinjal,Local,FAQ,1364,1667,1515,95.4
2026-03-03,Davangere,Coconut,Local,FAQ,2788,3408,3098,63.4
2026-03-04,Karwar,Chilli,Local,FAQ,10584,12936,11760,81.9
2026-03-04,Dharwad,Mango,Local,FAQ,2677,3271,2974,44.9
2026-03-05,Bijapur,Chilli,Local,FAQ,9075,11091,10083,10.8
2026-03-05,Bangalore (Yeshwanthpur),Potato,Local,FAQ,1365,1669,1517,31.4
2026-03-05,Gulbarga,Onion,Local,FAQ,1777,2171,1974,15.6
2026-03-06,Raichur,Potato,Local,FAQ,1301,1591,1446,94.0
2026-03-06,Bijapur,Potato,Local,FAQ,1140,1394,1267,55.1
2026-03-07,Davangere,Brinjal,Local,FAQ,1239,1515,1377,23.2
2026-03-07,Raichur,Banana,Local,FAQ,2014,2462,2238,54.4
2026-03-08,Bijapur,Banana,Local,FAQ,1578,1928,1753,40.7
2026-03-08,Belgaum,Onion,Local,FAQ,1591,1945,1768,30.6
2026-03-08,Tumkur,Brinjal,Local,FAQ,1748,2136,1942,36.8
2026-03-08,Tumkur,Chilli,Local,FAQ,10980,13420,12200,54.5
2026-03-09,Karwar,Tomato,Local,FAQ,1704,2082,1893,92.7
2026-03-09,Mangalore,Rice,Local,FAQ,4914,6006,5460,84.3
2026-03-09,Bijapur,Onion,Local,FAQ,1613,1971,1792,8.3
2026-03-09,Karwar,Coconut,Local,FAQ,1827,2233,2030,70.2
2026-03-09,Mangalore,Coconut,Local,FAQ,2885,3527,3206,65.4
2026-03-10,Mysore,Coconut,Local,FAQ,2864,3500,3182,63.3
2026-03-10,Raichur,Wheat,Local,FAQ,2845,3477,3161,97.8
2026-03-10,Mysore,Wheat,Local,FAQ,2668,3260,2964,52.4
2026-03-11,Hubli,Wheat,Local,FAQ,2429,2969,2699,10.9
2026-03-12,Bijapur,Rice,Local,FAQ,4483,5479,4981,83.7
2026-03-13,Hubli,Mango,Local,FAQ,3528,4312,3920,40.0
2026-03-13,Gulbarga,Tomato,Local,FAQ,2144,2620,2382,87.8
2026-03-13,Tumkur,Brinjal,Local,FAQ,1710,2090,1900,65.2
2026-03-13,Gulbarga,Mango,Local,FAQ,3934,4808,4371,76.2
2026-03-14,Karwar,Onion,Local,FAQ,1377,1683,1530,52.9
2026-03-14,Bangalore (Yeshwanthpur),Wheat,Local,FAQ,2802,3424,3113,80.0
2026-03-14,Karwar,Mango,Local,FAQ,3135,3831,3483,10.1
2026-03-14,Karwar,Coconut,Local,FAQ,1847,2257,2052,70.4
2026-03-14,Gulbarga,Potato,Local,FAQ,1264,1546,1405,62.0
2026-03-15,Bangalore (Yeshwanthpur),Potato,Local,FAQ,1008,1232,1120,11.7
2026-03-15,Mysore,Rice,Local,FAQ,3118,3812,3465,13.2
2026-03-15,Raichur,Coconut,Local,FAQ,2820,3446,3133,41.6
2026-03-16,Dharwad,Mango,Local,FAQ,3800,4644,4222,48.3
2026-03-16,Mangalore,Coconut,Local,FAQ,2957,3615,3286,47.4
2026-03-16,Hubli,Tomato,Local,FAQ,1857,2269,2063,98.9
2026-03-17,Davangere,Wheat,Local,FAQ,2049,2505,2277,34.5
2026-03-17,Bangalore (Yeshwanthpur),Coconut,Local,FAQ,2528,3090,2809,57.4
2026-03-17,Gulbarga,Coconut,Local,FAQ,2759,3373,3066,37.4
2026-03-17,Bijapur,Chilli,Local,FAQ,10487,12817,11652,49.5
2026-03-17,Bijapur,Potato,Local,FAQ,1428,1746,1587,37.1
2026-03-17,Raichur,Chilli,Local,FAQ,9482,11589,10535,50.1
2026-03-18,Hassan,Coconut,Local,FAQ,2169,2651,2410,84.6
2026-03-18,Belgaum,Wheat,Local,FAQ,3722,4548,4135,88.8
2026-03-18,Dharwad,Chilli,Local,FAQ,8937,10923,9930,61.0
2026-03-18,Belgaum,Wheat,Local,FAQ,2955,3611,3283,53.3
2026-03-18,Raichur,Tomato,Local,FAQ,1697,2075,1886,27.1
2026-03-19,Shimoga,Wheat,Local,FAQ,3618,4422,4020,37.7
2026-03-19,Bijapur,Rice,Local,FAQ,5297,6475,5886,32.7
2026-03-20,Tumkur,Chilli,Local,FAQ,11113,13583,12348,40.4
2026-03-20,Shimoga,Mango,Local,FAQ,2700,3300,3000,58.0
2026-03-20,Davangere,Onion,Local,FAQ,1525,1863,1694,49.8
2026-03-20,Bijapur,Rice,Local,FAQ,4365,5335,4850,67.6
2026-03-20,Shimoga,Wheat,Local,FAQ,3207,3919,3563,55.6
2026-03-21,Raichur,Rice,Local,FAQ,5073,6201,5637,92.0
2026-03-21,Belgaum,Tomato,Local,FAQ,1940,2370,2155,85.6
2026-03-21,Raichur,Mango,Local,FAQ,2811,3435,3123,91.7
2026-03-21,Bijapur,Wheat,Local,FAQ,2074,2536,2305,52.7
2026-03-22,Hubli,Coconut,Local,FAQ,2575,3147,2861,85.2
2026-03-22,Dharwad,Coconut,Local,FAQ,3024,3696,3360,84.0
2026-03-22,Mangalore,Wheat,Local,FAQ,3163,3865,3514,70.7
2026-03-22,Hubli,Chilli,Local,FAQ,7610,9300,8455,6.8
2026-03-23,Davangere,Banana,Local,FAQ,2163,2643,2403,15.4
2026-03-23,Shimoga,Onion,Local,FAQ,1237,1511,1374,99.4
2026-03-24,Mangalore,Tomato,Local,FAQ,2277,2783,2530,25.6
2026-03-24,Bijapur,Banana,Local,FAQ,1658,2026,1842,48.3
2026-03-25,Mysore,Chilli,Local,FAQ,9079,11097,10088,39.7
2026-03-27,Bellary,Banana,Local,FAQ,2704,3304,3004,77.4
2026-03-27,Mangalore,Chilli,Local,FAQ,9611,11747,10679,47.3
2026-03-28,Bellary,Wheat,Local,FAQ,2779,3397,3088,27.5
2026-03-28,Bellary,Wheat,Local,FAQ,2145,2621,2383,99.8
2026-03-28,Gulbarga,Chilli,Local,FAQ,9212,11260,10236,27.0
2026-03-29,Mysore,Tomato,Local,FAQ,1973,2411,2192,58.3
2026-03-29,Tumkur,Wheat,Local,FAQ,3518,4300,3909,91.7
2026-03-29,Belgaum,Coconut,Local,FAQ,2064,2522,2293,45.4
2026-03-29,Bangalore (Yeshwanthpur),Tomato,Local,FAQ,1925,2353,2139,49.2
2026-03-29,Raichur,Potato,Local,FAQ,1366,1670,1518,94.1
2026-03-30,Shimoga,Rice,Local,FAQ,4409,5389,4899,39.9
2026-03-31,Bijapur,Onion,Local,FAQ,1272,1554,1413,92.8
2026-03-31,Hubli,Coconut,Local,FAQ,1717,2099,1908,22.1
2026-03-31,Mysore,Chilli,Local,FAQ,8824,10784,9804,87.8
2026-03-31,Hassan,Mango,Local,FAQ,3950,4828,4389,15.1
2026-03-31,Raichur,Coconut,Local,FAQ,2490,3044,2767,86.8
2026-04-01,Bijapur,Onion,Local,FAQ,1732,2118,1925,87.4
2026-04-01,Hubli,Wheat,Local,FAQ,2816,3442,3129,87.5
2026-04-01,Belgaum,Wheat,Local,FAQ,3248,3970,3609,25.4
2026-04-02,Bijapur,Rice,Local,FAQ,2826,3454,3140,6.9
2026-04-03,Bangalore (Yeshwanthpur),Mango,Local,FAQ,4111,5025,4568,37.2
2026-04-03,Hubli,Wheat,Local,FAQ,2284,2792,2538,59.5
2026-04-03,Mysore,Mango,Local,FAQ,3620,4424,4022,49.5
2026-04-04,Hassan,Wheat,Local,FAQ,3257,3981,3619,98.9
2026-04-04,Dharwad,Tomato,Local,FAQ,1475,1803,1639,61.6
2026-04-04,Karwar,Tomato,Local,FAQ,1918,2344,2131,25.3
2026-04-05,Raichur,Brinjal,Local,FAQ,1177,1439,1308,75.3
2026-04-06,Bangalore (Yeshwanthpur),Mango,Local,FAQ,3390,4144,3767,73.3
2026-04-06,Belgaum,Onion,Local,FAQ,1756,2146,1951,41.8
2026-04-06,Bellary,Chilli,Local,FAQ,8104,9906,9005,40.3
2026-04-07,Shimoga,Banana,Local,FAQ,1657,2025,1841,78.7
2026-04-07,Dharwad,Onion,Local,FAQ,1590,1944,1767,68.0
2026-04-07,Davangere,Onion,Local,FAQ,1068,1306,1187,55.5
2026-04-07,Tumkur,Potato,Local,FAQ,1295,1583,1439,62.4
2026-04-08,Shimoga,Tomato,Local,FAQ,1400,1711,1555,44.7
2026-04-08,Raichur,Banana,Local,FAQ,2588,3163,2875,39.5
2026-04-08,Karwar,Wheat,Local,FAQ,2956,3612,3284,87.4
2026-04-09,Mangalore,Mango,Local,FAQ,3992,4878,4435,52.0
2026-04-09,Tumkur,Banana,Local,FAQ,2326,2844,2585,14.8
2026-04-10,Gulbarga,Brinjal,Local,FAQ,1299,1587,1443,5.1
2026-04-10,Davangere,Rice,Local,FAQ,4969,6073,5521,15.6
2026-04-10,Raichur,Coconut,Local,FAQ,2578,3150,2864,43.2
2026-04-11,Raichur,Wheat,Local,FAQ,3075,3759,3417,33.3
2026-04-11,Gulbarga,Potato,Local,FAQ,989,1209,1099,21.4
2026-04-11,Bellary,Chilli,Local,FAQ,6718,8210,7464,35.5
2026-04-12,Gulbarga,Onion,Local,FAQ,1558,1904,1731,61.1
2026-04-12,Raichur,Banana,Local,FAQ,2079,2541,2310,94.9
2026-04-12,Dharwad,Potato,Local,FAQ,1271,1553,1412,28.1
2026-04-13,Dharwad,Tomato,Local,FAQ,1596,1950,1773,42.2
2026-04-13,Raichur,Potato,Local,FAQ,1201,1467,1334,84.0
2026-04-13,Hubli,Chilli,Local,FAQ,10488,12818,11653,27.8
2026-04-13,Hassan,Coconut,Local,FAQ,2206,2696,2451,20.3
2026-04-13,Tumkur,Coconut,Local,FAQ,2022,2472,2247,89.0
2026-04-13,Mysore,Brinjal,Local,FAQ,1158,1416,1287,12.7
2026-04-14,Hassan,Banana,Local,FAQ,1921,2347,2134,11.7
2026-04-14,Raichur,Rice,Local,FAQ,4455,5445,4950,55.5
2026-04-15,Tumkur,Coconut,Local,FAQ,2841,3473,3157,24.7
2026-04-15,Raichur,Coconut,Local,FAQ,2689,3287,2988,23.1
2026-04-15,Karwar,Wheat,Local,FAQ,3109,3799,3454,80.4
2026-04-15,Hubli,Onion,Local,FAQ,1588,1940,1764,49.0
2026-04-16,Bijapur,Chilli,Local,FAQ,6548,8003,7275,87.8
2026-04-16,Mysore,Rice,Local,FAQ,2845,3477,3161,19.0
2026-04-16,Dharwad,Onion,Local,FAQ,1517,1855,1686,20.5
2026-04-16,Tumkur,Potato,Local,FAQ,1157,1415,1286,48.7
2026-04-17,Tumkur,Wheat,Local,FAQ,2487,3039,2763,83.3
2026-04-17,Davangere,Tomato,Local,FAQ,1884,2302,2093,65.5
2026-04-18,Shimoga,Chilli,Local,FAQ,7667,9371,8519,70.3
2026-04-18,Belgaum,Tomato,Local,FAQ,1534,1876,1705,33.5
2026-04-19,Bellary,Chilli,Local,FAQ,11388,13918,12653,93.8
2026-04-19,Hassan,Chilli,Local,FAQ,6885,8415,7650,18.0
2026-04-20,Gulbarga,Banana,Local,FAQ,1552,1898,1725,65.8
2026-04-20,Bangalore (Yeshwanthpur),Brinjal,Local,FAQ,1550,1894,1722,20.9
2026-04-20,Hassan,Tomato,Local,FAQ,1520,1858,1689,68.1
2026-04-21,Karwar,Coconut,Local,FAQ,2247,2747,2497,69.2
2026-04-21,Gulbarga,Wheat,Local,FAQ,3205,3917,3561,31.1
2026-04-22,Bijapur,Wheat,Local,FAQ,2048,2502,2275,38.3
2026-04-22,Bellary,Wheat,Local,FAQ,2874,3512,3193,39.9
2026-04-23,Shimoga,Onion,Local,FAQ,1120,1368,1244,69.9
2026-04-24,Tumkur,Mango,Local,FAQ,3378,4128,3753,6.2
2026-04-24,Raichur,Tomato,Local,FAQ,2008,2454,2231,21.3
2026-04-25,Belgaum,Tomato,Local,FAQ,1248,1526,1387,68.1
2026-04-25,Mysore,Rice,Local,FAQ,3634,4442,4038,65.3
2026-04-26,Gulbarga,Chilli,Local,FAQ,7592,9278,8435,67.8
2026-04-26,Dharwad,Potato,Local,FAQ,1133,1385,1259,73.4
2026-04-26,Shimoga,Onion,Local,FAQ,977,1195,1086,92.6
2026-04-27,Tumkur,Rice,Local,FAQ,4210,5146,4678,88.9
2026-04-27,Tumkur,Tomato,Local,FAQ,1841,2251,2046,76.8
2026-04-27,Hubli,Chilli,Local,FAQ,7931,9693,8812,71.7
2026-04-28,Shimoga,Rice,Local,FAQ,3741,4573,4157,90.4
2026-04-28,Gulbarga,Coconut,Local,FAQ,1742,2128,1935,20.6
2026-04-28,Tumkur,Coconut,Local,FAQ,2218,2710,2464,94.4
2026-04-28,Gulbarga,Rice,Local,FAQ,2952,3608,3280,41.4
2026-04-28,Davangere,Mango,Local,FAQ,4136,5056,4596,91.8
2026-04-28,Belgaum,Mango,Local,FAQ,2602,3180,2891,83.2
2026-04-28,Mysore,Onion,Local,FAQ,1087,1329,1208,47.0
2026-04-29,Hubli,Potato,Local,FAQ,1289,1575,1432,91.8
2026-04-29,Dharwad,Rice,Local,FAQ,4172,5098,4635,91.8
2026-04-29,Dharwad,Banana,Local,FAQ,2390,2921,2655,64.3
2026-04-29,Mangalore,Tomato,Local,FAQ,1199,1465,1332,19.8
2026-04-29,Shimoga,Mango,Local,FAQ,2863,3499,3181,6.0
2026-04-29,Mangalore,Tomato,Local,FAQ,1917,2343,2130,99.8
2026-04-30,Dharwad,Wheat,Local,FAQ,2167,2649,2408,69.7
2026-04-30,Bellary,Chilli,Local,FAQ,11699,14299,12999,83.2
2026-04-30,Mysore,Mango,Local,FAQ,3496,4272,3884,16.8
2026-05-01,Bellary,Potato,Local,FAQ,922,1126,1024,45.3
2026-05-01,Bijapur,Banana,Local,FAQ,2069,2529,2299,9.0
2026-05-01,Bangalore (Yeshwanthpur),Coconut,Local,FAQ,2573,3145,2859,99.1
2026-05-01,Hubli,Chilli,Local,FAQ,8140,9950,9045,78.9
2026-05-01,Gulbarga,Rice,Local,FAQ,3635,4443,4039,32.3
2026-05-02,Karwar,Potato,Local,FAQ,1197,1463,1330,78.6
2026-05-02,Bellary,Brinjal,Local,FAQ,1359,1661,1510,27.0
2026-05-02,Bangalore (Yeshwanthpur),Banana,Local,FAQ,2172,2654,2413,15.1
2026-05-02,Tumkur,Chilli,Local,FAQ,9317,11387,10352,73.0
2026-05-02,Tumkur,Onion,Local,FAQ,1315,1607,1461,89.5
2026-05-03,Tumkur,Chilli,Local,FAQ,8433,10307,9370,63.9
2026-05-03,Hassan,Brinjal,Local,FAQ,1296,1584,1440,6.7
2026-05-03,Bellary,Onion,Local,FAQ,1325,1619,1472,98.2
2026-05-03,Hassan,Tomato,Local,FAQ,1447,1769,1608,10.6
2026-05-03,Karwar,Onion,Local,FAQ,1316,1608,1462,18.8
2026-05-03,Hubli,Rice,Local,FAQ,4518,5522,5020,78.8
2026-05-05,Davangere,Banana,Local,FAQ,2419,2957,2688,56.8
2026-05-05,Karwar,Mango,Local,FAQ,3698,4520,4109,78.3
2026-05-05,Gulbarga,Brinjal,Local,FAQ,1218,1488,1353,98.3
2026-05-06,Belgaum,Onion,Local,FAQ,1241,1517,1379,24.7
2026-05-07,Davangere,Banana,Local,FAQ,1772,2166,1969,79.4
2026-05-07,Hubli,Mango,Local,FAQ,2251,2751,2501,69.2
2026-05-08,Mangalore,Potato,Local,FAQ,913,1115,1014,34.4
2026-05-08,Dharwad,Potato,Local,FAQ,1238,1513,1375,73.5
2026-05-08,Hubli,Brinjal,Local,FAQ,1448,1770,1609,19.2
2026-05-09,Hassan,Potato,Local,FAQ,839,1025,932,50.8
2026-05-10,Hassan,Rice,Local,FAQ,3473,4245,3859,61.6
2026-05-11,Bijapur,Onion,Local,FAQ,1300,1588,1444,19.9
2026-05-11,Tumkur,Mango,Local,FAQ,3913,4783,4348,43.0
2026-05-11,Mangalore,Chilli,Local,FAQ,9181,11221,10201,69.0
2026-05-11,Belgaum,Coconut,Local,FAQ,1937,2367,2152,47.7
2026-05-11,Hubli,Tomato,Local,FAQ,1552,1898,1725,15.3
2026-05-12,Hubli,Chilli,Local,FAQ,5814,7106,6460,86.4
2026-05-12,Hubli,Wheat,Local,FAQ,3187,3895,3541,34.1
2026-05-13,Bangalore (Yeshwanthpur),Brinjal,Local,FAQ,1249,1527,1388,40.4
2026-05-13,Davangere,Potato,Local,FAQ,768,938,853,80.3
2026-05-14,Bangalore (Yeshwanthpur),Brinjal,Local,FAQ,1364,1667,1515,78.3
2026-05-14,Gulbarga,Wheat,Local,FAQ,2951,3607,3279,34.0
2026-05-14,Dharwad,Banana,Local,FAQ,2074,2534,2304,47.3
2026-05-14,Bijapur,Brinjal,Local,FAQ,1250,1528,1389,41.5
2026-05-15,Bijapur,Rice,Local,FAQ,3485,4259,3872,40.9
2026-05-15,Mysore,Mango,Local,FAQ,2793,3413,3103,43.3
2026-05-16,Belgaum,Brinjal,Local,FAQ,1294,1582,1438,6.5
2026-05-16,Bijapur,Banana,Local,FAQ,1804,2204,2004,61.0
2026-05-16,Mysore,Rice,Local,FAQ,3017,3687,3352,47.5
2026-05-16,Hassan,Banana,Local,FAQ,1416,1730,1573,6.0
2026-05-16,Shimoga,Onion,Local,FAQ,1417,1731,1574,32.4
2026-05-16,Hassan,Wheat,Local,FAQ,2920,3570,3245,24.8
2026-05-17,Karwar,Banana,Local,FAQ,2088,2552,2320,46.3
2026-05-17,Bellary,Chilli,Local,FAQ,10210,12478,11344,11.8
2026-05-17,Mangalore,Banana,Local,FAQ,1597,1951,1774,44.4
2026-05-17,Dharwad,Banana,Local,FAQ,2301,2813,2557,30.9
2026-05-17,Bijapur,Banana,Local,FAQ,1558,1904,1731,88.8
2026-05-17,Karwar,Rice,Local,FAQ,2835,3465,3150,63.1
2026-05-17,Hassan,Onion,Local,FAQ,1021,1247,1134,45.4
2026-05-18,Karwar,Mango,Local,FAQ,2524,3086,2805,19.8
2026-05-18,Bijapur,Tomato,Local,FAQ,2002,2448,2225,65.4
2026-05-18,Bellary,Brinjal,Local,FAQ,1572,1922,1747,22.6
2026-05-18,Mangalore,Rice,Local,FAQ,3247,3969,3608,87.8
2026-05-18,Bellary,Rice,Local,FAQ,2660,3251,2955,39.0
2026-05-18,Bijapur,Brinjal,Local,FAQ,1066,1304,1185,31.9
2026-05-19,Gulbarga,Mango,Local,FAQ,3740,4570,4155,84.8
2026-05-19,Hassan,Potato,Local,FAQ,1314,1606,1460,18.4
2026-05-19,Hassan,Banana,Local,FAQ,1535,1877,1706,64.2
2026-05-19,Hubli,Coconut,Local,FAQ,2246,2744,2495,10.0
2026-05-19,Bellary,Wheat,Local,FAQ,1866,2280,2073,5.2
2026-05-20,Shimoga,Brinjal,Local,FAQ,1287,1573,1430,68.5
2026-05-20,Bijapur,Onion,Local,FAQ,1327,1621,1474,43.5
2026-05-20,Bellary,Brinjal,Local,FAQ,1361,1663,1512,72.6
2026-05-20,Belgaum,Tomato,Local,FAQ,1231,1505,1368,67.9
2026-05-20,Mysore,Potato,Local,FAQ,1184,1447,1315,24.4
2026-05-20,Hubli,Banana,Local,FAQ,1619,1979,1799,50.3
2026-05-21,Bellary,Potato,Local,FAQ,989,1209,1099,99.2
2026-05-21,Hubli,Banana,Local,FAQ,1803,2203,2003,30.9
2026-05-21,Raichur,Banana,Local,FAQ,1535,1877,1706,56.8
2026-05-21,Shimoga,Mango,Local,FAQ,2753,3365,3059,48.1
2026-05-22,Bellary,Rice,Local,FAQ,4190,5122,4656,40.7
2026-05-22,Gulbarga,Rice,Local,FAQ,3425,4187,3806,28.0
2026-05-22,Gulbarga,Wheat,Local,FAQ,2618,3200,2909,19.3
2026-05-23,Mysore,Banana,Local,FAQ,1418,1733,1575,52.1
2026-05-23,Dharwad,Banana,Local,FAQ,2006,2452,2229,63.0
2026-05-23,Mysore,Wheat,Local,FAQ,2908,3554,3231,8.0
2026-05-23,Gulbarga,Potato,Local,FAQ,1247,1525,1386,67.3
2026-05-25,Dharwad,Onion,Local,FAQ,976,1194,1085,97.7
2026-05-25,Hubli,Rice,Local,FAQ,4415,5397,4906,83.1
2026-05-25,Bangalore (Yeshwanthpur),Coconut,Local,FAQ,2340,2860,2600,42.5
2026-05-25,Davangere,Rice,Local,FAQ,3280,4010,3645,27.8
2026-05-25,Davangere,Rice,Local,FAQ,3848,4702,4275,63.0
2026-05-26,Raichur,Potato,Local,FAQ,1209,1477,1343,19.9
2026-05-26,Hassan,Onion,Local,FAQ,1514,1850,1682,56.9
2026-05-26,Tumkur,Tomato,Local,FAQ,1262,1542,1402,5.8
2026-05-27,Tumkur,Banana,Local,FAQ,2235,2731,2483,70.0
2026-05-27,Mysore,Potato,Local,FAQ,1094,1338,1216,72.5
2026-05-27,Bangalore (Yeshwanthpur),Brinjal,Local,FAQ,1060,1296,1178,82.4
2026-05-28,Bijapur,Wheat,Local,FAQ,3299,4033,3666,21.2
2026-05-28,Hubli,Wheat,Local,FAQ,3038,3713,3375,19.7
2026-05-28,Davangere,Potato,Local,FAQ,1087,1329,1208,95.2
2026-05-28,Bangalore (Yeshwanthpur),Mango,Local,FAQ,2179,2663,2421,43.6
2026-05-28,Karwar,Potato,Local,FAQ,868,1062,965,66.7
2026-05-28,Bangalore (Yeshwanthpur),Potato,Local,FAQ,1093,1335,1214,59.0
2026-05-29,Tumkur,Potato,Local,FAQ,923,1129,1026,86.1
2026-05-29,Tumkur,Potato,Local,FAQ,1300,1590,1445,48.8
2026-05-30,Hubli,Coconut,Local,FAQ,1594,1948,1771,29.8
2026-05-30,Hassan,Banana,Local,FAQ,1729,2113,1921,35.0
2026-05-30,Shimoga,Tomato,Local,FAQ,1337,1635,1486,97.6
2026-05-30,Tumkur,Tomato,Local,FAQ,1665,2035,1850,42.1
2026-05-30,Hassan,Rice,Local,FAQ,4094,5004,4549,36.8
2026-05-30,Raichur,Brinjal,Local,FAQ,1396,1706,1551,87.5
2026-05-30,Raichur,Mango,Local,FAQ,2278,2784,2531,49.7
2026-05-31,Mangalore,Onion,Local,FAQ,1079,1319,1199,16.9
2026-05-31,Davangere,Tomato,Local,FAQ,1768,2160,1964,10.2
2026-06-01,Shimoga,Coconut,Local,FAQ,1812,2214,2013,13.9
2026-06-01,Gulbarga,Coconut,Local,FAQ,1607,1965,1786,32.0
2026-06-01,Shimoga,Wheat,Local,FAQ,2823,3451,3137,10.5
2026-06-02,Tumkur,Coconut,Local,FAQ,1840,2248,2044,83.6
2026-06-02,Hassan,Coconut,Local,FAQ,2116,2586,2351,5.6
2026-06-03,Dharwad,Banana,Local,FAQ,1519,1857,1688,60.7
2026-06-04,Raichur,Tomato,Local,FAQ,1420,1736,1578,59.4
2026-06-04,Bangalore (Yeshwanthpur),Onion,Local,FAQ,1222,1494,1358,54.4
2026-06-04,Raichur,Tomato,Local,FAQ,1282,1568,1425,39.2
2026-06-04,Bellary,Chilli,Local,FAQ,7011,8569,7790,34.6
2026-06-05,Mangalore,Potato,Local,FAQ,722,882,802,53.4
2026-06-05,Gulbarga,Brinjal,Local,FAQ,980,1198,1089,68.9
2026-06-06,Tumkur,Potato,Local,FAQ,917,1121,1019,74.8
2026-06-06,Bangalore (Yeshwanthpur),Coconut,Local,FAQ,1310,1602,1456,77.7
2026-06-06,Gulbarga,Chilli,Local,FAQ,5266,6436,5851,13.6
2026-06-06,Mysore,Rice,Local,FAQ,3691,4511,4101,58.7
2026-06-06,Tumkur,Wheat,Local,FAQ,2290,2800,2545,41.0
2026-06-06,Gulbarga,Coconut,Local,FAQ,1944,2376,2160,33.7
2026-06-07,Gulbarga,Coconut,Local,FAQ,1303,1593,1448,90.9
2026-06-07,Belgaum,Chilli,Local,FAQ,6820,8336,7578,91.4
2026-06-07,Gulbarga,Rice,Local,FAQ,3664,4478,4071,9.7
2026-06-07,Raichur,Mango,Local,FAQ,3434,4196,3815,34.2
2026-06-08,Hubli,Tomato,Local,FAQ,1037,1267,1152,46.5
2026-06-08,Dharwad,Onion,Local,FAQ,1221,1493,1357,43.2
2026-06-08,Dharwad,Banana,Local,FAQ,2052,2508,2280,96.5
2026-06-08,Bellary,Coconut,Local,FAQ,1996,2440,2218,14.6
2026-06-08,Belgaum,Chilli,Local,FAQ,8984,10980,9982,70.2
2026-06-08,Belgaum,Tomato,Local,FAQ,976,1192,1084,23.9
2026-06-09,Bangalore (Yeshwanthpur),Coconut,Local,FAQ,1864,2278,2071,9.1
2026-06-09,Bellary,Coconut,Local,FAQ,2285,2793,2539,52.8
2026-06-10,Karwar,Rice,Local,FAQ,2677,3271,2974,43.0
2026-06-10,Belgaum,Banana,Local,FAQ,1576,1926,1751,26.9
2026-06-10,Hubli,Chilli,Local,FAQ,7183,8779,7981,51.5
2026-06-11,Gulbarga,Tomato,Local,FAQ,1711,2091,1901,14.4
2026-06-11,Davangere,Mango,Local,FAQ,2610,3190,2900,46.7
2026-06-11,Belgaum,Potato,Local,FAQ,1000,1222,1111,83.8
2026-06-11,Mysore,Wheat,Local,FAQ,2301,2813,2557,42.8
2026-06-11,Mysore,Rice,Local,FAQ,3735,4565,4150,6.8
2026-06-12,Karwar,Onion,Local,FAQ,1099,1343,1221,91.5
2026-06-12,Karwar,Rice,Local,FAQ,3382,4134,3758,39.0
2026-06-12,Karwar,Brinjal,Local,FAQ,1326,1620,1473,44.6
2026-06-13,Shimoga,Mango,Local,FAQ,3300,4034,3667,46.3
2026-06-13,Raichur,Mango,Local,FAQ,1959,2395,2177,14.6
2026-06-13,Bangalore (Yeshwanthpur),Chilli,Local,FAQ,6332,7739,7035,55.6
2026-06-13,Davangere,Banana,Local,FAQ,1602,1958,1780,79.0
2026-06-14,Karwar,Brinjal,Local,FAQ,1341,1639,1490,98.7
2026-06-14,Tumkur,Chilli,Local,FAQ,7137,8723,7930,94.4
2026-06-14,Gulbarga,Wheat,Local,FAQ,1814,2218,2016,28.6
2026-06-15,Bijapur,Tomato,Local,FAQ,1558,1904,1731,51.8
2026-06-15,Mysore,Coconut,Local,FAQ,1408,1720,1564,12.7
2026-06-16,Hubli,Mango,Local,FAQ,2345,2867,2606,68.6
2026-06-16,Mangalore,Potato,Local,FAQ,936,1144,1040,54.9
2026-06-16,Raichur,Potato,Local,FAQ,681,833,757,20.7
2026-06-17,Bangalore (Yeshwanthpur),Banana,Local,FAQ,1173,1433,1303,63.9
2026-06-18,Hassan,Rice,Local,FAQ,2487,3039,2763,12.9
2026-06-18,Belgaum,Rice,Local,FAQ,2840,3471,3155,67.5
2026-06-18,Bijapur,Potato,Local,FAQ,1041,1273,1157,79.0
2026-06-19,Hubli,Tomato,Local,FAQ,1227,1499,1363,34.5
2026-06-19,Shimoga,Rice,Local,FAQ,3658,4472,4065,94.3
2026-06-20,Belgaum,Tomato,Local,FAQ,1321,1615,1468,96.2
2026-06-20,Tumkur,Chilli,Local,FAQ,5361,6553,5957,70.9
2026-06-21,Shimoga,Brinjal,Local,FAQ,938,1146,1042,93.5
2026-06-21,Hubli,Mango,Local,FAQ,2127,2599,2363,90.0
2026-06-22,Bellary,Onion,Local,FAQ,1170,1430,1300,6.0
2026-06-22,Raichur,Coconut,Local,FAQ,1733,2119,1926,31.3
2026-06-22,Shimoga,Mango,Local,FAQ,2102,2568,2335,28.6
2026-06-22,Belgaum,Potato,Local,FAQ,670,820,745,53.7
2026-06-22,Belgaum,Banana,Local,FAQ,1835,2243,2039,75.2
2026-06-22,Raichur,Coconut,Local,FAQ,1930,2360,2145,55.3
2026-06-23,Mangalore,Potato,Local,FAQ,1067,1305,1186,27.1
2026-06-23,Mysore,Onion,Local,FAQ,777,949,863,88.4
2026-06-23,Raichur,Mango,Local,FAQ,2248,2748,2498,65.3
2026-06-24,Gulbarga,Rice,Local,FAQ,2460,3006,2733,49.6
2026-06-24,Shimoga,Brinjal,Local,FAQ,1342,1640,1491,50.7
2026-06-24,Bellary,Coconut,Local,FAQ,1575,1925,1750,47.1
2026-06-27,Davangere,Wheat,Local,FAQ,2412,2948,2680,37.3
2026-06-27,Belgaum,Rice,Local,FAQ,2859,3495,3177,78.9
2026-06-27,Raichur,Coconut,Local,FAQ,1597,1951,1774,19.0
2026-06-27,Bijapur,Potato,Local,FAQ,759,927,843,80.8
2026-06-27,Tumkur,Mango,Local,FAQ,3478,4250,3864,99.3
2026-06-27,Bangalore (Yeshwanthpur),Wheat,Local,FAQ,2641,3227,2934,75.6
2026-06-29,Bellary,Rice,Local,FAQ,3434,4198,3816,80.9
2026-06-29,Bijapur,Banana,Local,FAQ,1947,2379,2163,41.1
2026-06-29,Gulbarga,Mango,Local,FAQ,2660,3252,2956,40.8
2026-06-30,Mysore,Onion,Local,FAQ,917,1121,1019,63.0
2026-06-30,Bellary,Coconut,Local,FAQ,2200,2690,2445,52.0
2026-06-30,Belgaum,Onion,Local,FAQ,1171,1431,1301,56.8
2026-06-30,Shimoga,Mango,Local,FAQ,3002,3670,3336,73.0
2026-07-01,Karwar,Banana,Local,FAQ,1078,1318,1198,63.1
2026-07-01,Hassan,Wheat,Local,FAQ,2082,2544,2313,61.7
2026-07-01,Belgaum,Banana,Local,FAQ,1123,1373,1248,73.3
2026-07-01,Raichur,Banana,Local,FAQ,1548,1892,1720,8.9
2026-07-01,Gulbarga,Tomato,Local,FAQ,1278,1562,1420,60.0
2026-07-01,Mysore,Wheat,Local,FAQ,1522,1860,1691,14.8
2026-07-02,Gulbarga,Rice,Local,FAQ,2263,2765,2514,24.3
2026-07-02,Bijapur,Chilli,Local,FAQ,6669,8151,7410,76.4
2026-07-03,Hassan,Potato,Local,FAQ,855,1045,950,70.2
2026-07-03,Davangere,Brinjal,Local,FAQ,1021,1247,1134,13.1
2026-07-03,Shimoga,Wheat,Local,FAQ,1778,2172,1975,10.2
2026-07-03,Karwar,Banana,Local,FAQ,1383,1691,1537,93.4
2026-07-04,Bijapur,Coconut,Local,FAQ,1718,2100,1909,30.2
2026-07-04,Hassan,Rice,Local,FAQ,2652,3242,2947,47.8
2026-07-04,Mangalore,Brinjal,Local,FAQ,1144,1398,1271,55.4
2026-07-04,Shimoga,Tomato,Local,FAQ,1113,1361,1237,86.8
2026-07-04,Karwar,Wheat,Local,FAQ,1585,1937,1761,24.6
2026-07-06,Tumkur,Onion,Local,FAQ,1094,1338,1216,64.5
2026-07-07,Bijapur,Potato,Local,FAQ,566,692,629,6.6
2026-07-07,Bijapur,Rice,Local,FAQ,3394,4148,3771,74.8
2026-07-07,Shimoga,Coconut,Local,FAQ,1251,1529,1390,33.6
2026-07-07,Bangalore (Yeshwanthpur),Brinjal,Local,FAQ,1132,1384,1258,31.2
2026-07-08,Belgaum,Tomato,Local,FAQ,1447,1769,1608,24.6
2026-07-08,Bellary,Mango,Local,FAQ,2246,2746,2496,75.9
2026-07-09,Hassan,Coconut,Local,FAQ,1370,1674,1522,16.0
2026-07-09,Shimoga,Chilli,Local,FAQ,5224,6386,5805,62.7
2026-07-09,Tumkur,Brinjal,Local,FAQ,776,948,862,31.3
2026-07-09,Dharwad,Coconut,Local,FAQ,1550,1894,1722,96.4
2026-07-10,Belgaum,Brinjal,Local,FAQ,1024,1252,1138,24.6
2026-07-10,Karwar,Onion,Local,FAQ,1042,1274,1158,42.5
2026-07-11,Hassan,Banana,Local,FAQ,1166,1425,1295,6.6
2026-07-11,Raichur,Onion,Local,FAQ,707,865,786,59.4
2026-07-11,Bijapur,Chilli,Local,FAQ,6544,7998,7271,12.3
2026-07-11,Karwar,Banana,Local,FAQ,1697,2075,1886,93.4
2026-07-11,Karwar,Coconut,Local,FAQ,1444,1764,1604,38.8
2026-07-11,Bijapur,Mango,Local,FAQ,2683,3279,2981,11.9
2026-07-12,Raichur,Banana,Local,FAQ,1210,1480,1345,21.9
2026-07-12,Karwar,Potato,Local,FAQ,909,1111,1010,70.2
2026-07-12,Gulbarga,Chilli,Local,FAQ,5566,6802,6184,11.3
2026-07-12,Bellary,Banana,Local,FAQ,1522,1860,1691,20.5
2026-07-12,Mangalore,Chilli,Local,FAQ,7372,9010,8191,32.5
2026-07-12,Karwar,Chilli,Local,FAQ,4853,5931,5392,14.6
2026-07-13,Karwar,Mango,Local,FAQ,2621,3203,2912,70.5
2026-07-13,Karwar,Tomato,Local,FAQ,1022,1248,1135,55.5
2026-07-14,Bangalore (Yeshwanthpur),Potato,Local,FAQ,892,1090,991,70.4
2026-07-14,Karwar,Chilli,Local,FAQ,4532,5538,5035,48.7
2026-07-14,Bijapur,Banana,Local,FAQ,1263,1543,1403,30.3
2026-07-14,Bijapur,Brinjal,Local,FAQ,1094,1338,1216,12.3
2026-07-14,Mysore,Chilli,Local,FAQ,5126,6266,5696,55.7
2026-07-15,Dharwad,Tomato,Local,FAQ,1187,1451,1319,74.7
2026-07-15,Tumkur,Onion,Local,FAQ,878,1074,976,35.1
2026-07-16,Hassan,Brinjal,Local,FAQ,790,966,878,51.5
2026-07-16,Belgaum,Mango,Local,FAQ,2187,2673,2430,34.5
2026-07-16,Karwar,Potato,Local,FAQ,806,985,895,38.1
2026-07-17,Shimoga,Potato,Local,FAQ,544,664,604,19.0
2026-07-17,Hassan,Rice,Local,FAQ,2023,2473,2248,43.2
2026-07-17,Hubli,Potato,Local,FAQ,744,910,827,96.6
2026-07-17,Hubli,Brinjal,Local,FAQ,1023,1251,1137,83.6
2026-07-19,Dharwad,Coconut,Local,FAQ,1530,1870,1700,76.9
2026-07-19,Hubli,Rice,Local,FAQ,3186,3894,3540,12.7
2026-07-19,Bellary,Wheat,Local,FAQ,1717,2099,1908,47.8
2026-07-20,Dharwad,Coconut,Local,FAQ,1359,1661,1510,65.6
2026-07-20,Karwar,Mango,Local,FAQ,2266,2770,2518,18.9
2026-07-20,Bellary,Banana,Local,FAQ,1446,1768,1607,40.0
2026-07-21,Mangalore,Onion,Local,FAQ,1027,1255,1141,46.5
2026-07-21,Bijapur,Tomato,Local,FAQ,1148,1404,1276,82.9
2026-07-21,Mangalore,Chilli,Local,FAQ,4318,5278,4798,24.6
2026-07-22,Mangalore,Brinjal,Local,FAQ,894,1092,993,62.8
2026-07-22,Bangalore (Yeshwanthpur),Mango,Local,FAQ,2297,2807,2552,89.5
2026-07-23,Raichur,Mango,Local,FAQ,2246,2744,2495,74.9
2026-07-23,Hubli,Rice,Local,FAQ,2590,3166,2878,80.0
2026-07-24,Shimoga,Mango,Local,FAQ,2367,2893,2630,16.2
2026-07-24,Tumkur,Coconut,Local,FAQ,1490,1822,1656,78.5
2026-07-25,Davangere,Coconut,Local,FAQ,1460,1784,1622,65.2
2026-07-25,Hubli,Chilli,Local,FAQ,4823,5895,5359,26.7
2026-07-25,Shimoga,Coconut,Local,FAQ,1507,1841,1674,44.9
2026-07-26,Mangalore,Potato,Local,FAQ,679,829,754,58.7
2026-07-26,Bangalore (Yeshwanthpur),Wheat,Local,FAQ,1891,2311,2101,76.6
2026-07-26,Hubli,Banana,Local,FAQ,1678,2050,1864,21.8
2026-07-28,Bijapur,Wheat,Local,FAQ,1500,1834,1667,36.4
2026-07-28,Mysore,Banana,Local,FAQ,1474,1802,1638,88.9
2026-07-28,Hubli,Brinjal,Local,FAQ,672,822,747,10.3
2026-07-28,Dharwad,Coconut,Local,FAQ,1201,1467,1334,71.3
2026-07-29,Hassan,Mango,Local,FAQ,1628,1990,1809,19.5
2026-07-29,Mangalore,Potato,Local,FAQ,734,897,815,24.2
2026-07-30,Bangalore (Yeshwanthpur),Onion,Local,FAQ,900,1100,1000,41.6
2026-07-31,Bijapur,Wheat,Local,FAQ,1994,2436,2215,46.2
2026-07-31,Hubli,Wheat,Local,FAQ,2229,2725,2477,41.1
2026-07-31,Karwar,Coconut,Local,FAQ,1148,1404,1276,80.3
2026-08-01,Davangere,Mango,Local,FAQ,2284,2792,2538,6.4
2026-08-01,Davangere,Onion,Local,FAQ,663,811,737,68.4
2026-08-01,Mangalore,Wheat,Local,FAQ,1617,1977,1797,11.2
2026-08-01,Hassan,Chilli,Local,FAQ,5284,6458,5871,42.7
2026-08-01,Bellary,Potato,Local,FAQ,547,669,608,48.5
2026-08-02,Gulbarga,Tomato,Local,FAQ,1146,1400,1273,21.8
2026-08-02,Mysore,Tomato,Local,FAQ,846,1034,940,37.2
2026-08-02,Belgaum,Wheat,Local,FAQ,2116,2586,2351,5.5
2026-08-02,Davangere,Banana,Local,FAQ,1184,1448,1316,96.6
2026-08-02,Karwar,Mango,Local,FAQ,1537,1879,1708,8.4
2026-08-02,Bellary,Chilli,Local,FAQ,5020,6136,5578,83.2
2026-08-03,Mangalore,Banana,Local,FAQ,1369,1673,1521,79.9
2026-08-04,Bangalore (Yeshwanthpur),Brinjal,Local,FAQ,812,992,902,38.2
2026-08-04,Bijapur,Wheat,Local,FAQ,1201,1467,1334,73.8
2026-08-05,Belgaum,Coconut,Local,FAQ,1586,1938,1762,21.9
2026-08-05,Bangalore (Yeshwanthpur),Tomato,Local,FAQ,914,1116,1015,16.5
2026-08-05,Shimoga,Coconut,Local,FAQ,1375,1681,1528,62.4
2026-08-05,Shimoga,Onion,Local,FAQ,701,857,779,68.6
2026-08-06,Hubli,Brinjal,Local,FAQ,764,934,849,25.4
2026-08-06,Raichur,Wheat,Local,FAQ,1203,1471,1337,85.0
2026-08-06,Bangalore (Yeshwanthpur),Tomato,Local,FAQ,700,856,778,91.8
2026-08-06,Belgaum,Mango,Local,FAQ,1634,1998,1816,48.6
2026-08-06,Bijapur,Banana,Local,FAQ,1235,1509,1372,78.7
2026-08-06,Davangere,Tomato,Local,FAQ,782,956,869,59.8
2026-08-07,Bellary,Brinjal,Local,FAQ,694,848,771,71.2
2026-08-07,Hassan,Onion,Local,FAQ,934,1142,1038,95.3
2026-08-08,Gulbarga,Coconut,Local,FAQ,1142,1396,1269,75.6
2026-08-08,Karwar,Rice,Local,FAQ,2019,2467,2243,37.9
2026-08-09,Bellary,Chilli,Local,FAQ,5620,6870,6245,16.9
2026-08-09,Bangalore (Yeshwanthpur),Onion,Local,FAQ,594,726,660,87.8
2026-08-09,Gulbarga,Potato,Local,FAQ,705,861,783,39.7
2026-08-09,Mangalore,Banana,Local,FAQ,1408,1722,1565,43.2
2026-08-09,Mangalore,Banana,Local,FAQ,1236,1510,1373,77.1
2026-08-09,Shimoga,Potato,Local,FAQ,859,1049,954,22.6
2026-08-10,Hassan,Onion,Local,FAQ,787,961,874,28.7
2026-08-10,Tumkur,Brinjal,Local,FAQ,803,981,892,88.8
2026-08-11,Bellary,Banana,Local,FAQ,1100,1344,1222,39.5
2026-08-12,Hubli,Coconut,Local,FAQ,1706,2084,1895,86.1
2026-08-12,Shimoga,Coconut,Local,FAQ,995,1217,1106,7.2
2026-08-12,Mysore,Mango,Local,FAQ,2431,2971,2701,37.6
2026-08-12,Bijapur,Tomato,Local,FAQ,1258,1538,1398,80.7
2026-08-12,Bijapur,Coconut,Local,FAQ,1207,1475,1341,19.6
2026-08-12,Bijapur,Potato,Local,FAQ,497,607,552,25.1
2026-08-13,Tumkur,Onion,Local,FAQ,1016,1242,1129,53.2
2026-08-13,Karwar,Potato,Local,FAQ,817,999,908,98.4
2026-08-13,Bellary,Coconut,Local,FAQ,1652,2020,1836,20.5
2026-08-14,Mangalore,Coconut,Local,FAQ,1059,1295,1177,45.7
2026-08-14,Bijapur,Potato,Local,FAQ,630,770,700,20.0
2026-08-15,Mysore,Brinjal,Local,FAQ,1004,1226,1115,59.1
2026-08-15,Bellary,Mango,Local,FAQ,2464,3012,2738,12.4
2026-08-15,Hubli,Chilli,Local,FAQ,5656,6912,6284,5.0
2026-08-16,Mysore,Chilli,Local,FAQ,6627,8099,7363,80.1
2026-08-17,Mysore,Banana,Local,FAQ,851,1041,946,33.6
2026-08-17,Davangere,Chilli,Local,FAQ,4930,6026,5478,94.0
2026-08-18,Bellary,Tomato,Local,FAQ,1168,1428,1298,57.8
2026-08-19,Shimoga,Onion,Local,FAQ,850,1040,945,25.3
2026-08-20,Bellary,Potato,Local,FAQ,585,715,650,60.4
2026-08-20,Belgaum,Potato,Local,FAQ,574,702,638,24.2
2026-08-20,Mysore,Onion,Local,FAQ,981,1199,1090,68.6
2026-08-20,Raichur,Mango,Local,FAQ,1468,1794,1631,32.7
2026-08-21,Shimoga,Potato,Local,FAQ,493,603,548,98.6
2026-08-21,Dharwad,Potato,Local,FAQ,518,634,576,9.1
2026-08-22,Hassan,Tomato,Local,FAQ,1153,1409,1281,61.7
2026-08-22,Belgaum,Banana,Local,FAQ,1498,1832,1665,19.9
2026-08-22,Hassan,Banana,Local,FAQ,1046,1278,1162,33.1
2026-08-22,Raichur,Wheat,Local,FAQ,1588,1940,1764,86.8
2026-08-23,Mangalore,Tomato,Local,FAQ,1210,1478,1344,19.5
2026-08-23,Dharwad,Tomato,Local,FAQ,1137,1389,1263,69.8
2026-08-23,Shimoga,Banana,Local,FAQ,1272,1554,1413,25.5
2026-08-23,Belgaum,Potato,Local,FAQ,616,752,684,69.2
2026-08-24,Bangalore (Yeshwanthpur),Rice,Local,FAQ,2465,3013,2739,92.5
2026-08-24,Raichur,Potato,Local,FAQ,567,693,630,18.5
2026-08-24,Mysore,Coconut,Local,FAQ,1502,1836,1669,97.2
2026-08-24,Mangalore,Onion,Local,FAQ,634,774,704,45.9
2026-08-25,Hassan,Chilli,Local,FAQ,5549,6783,6166,10.1
2026-08-25,Karwar,Brinjal,Local,FAQ,853,1043,948,80.5
2026-08-25,Bangalore (Yeshwanthpur),Mango,Local,FAQ,2075,2537,2306,50.3
2026-08-26,Raichur,Mango,Local,FAQ,2427,2967,2697,75.9
2026-08-27,Bangalore (Yeshwanthpur),Banana,Local,FAQ,1223,1495,1359,68.3
2026-08-27,Belgaum,Brinjal,Local,FAQ,777,949,863,51.3
2026-08-27,Bangalore (Yeshwanthpur),Brinjal,Local,FAQ,703,859,781,31.4
2026-08-28,Dharwad,Tomato,Local,FAQ,930,1136,1033,90.0
2026-08-28,Hassan,Mango,Local,FAQ,2253,2753,2503,33.4
2026-08-28,Raichur,Mango,Local,FAQ,2057,2515,2286,13.4
2026-08-28,Bangalore (Yeshwanthpur),Chilli,Local,FAQ,3831,4683,4257,43.1
2026-08-29,Mysore,Wheat,Local,FAQ,1976,2416,2196,6.3
2026-08-30,Hubli,Chilli,Local,FAQ,4514,5516,5015,73.7
2026-08-31,Shimoga,Coconut,Local,FAQ,1202,1470,1336,99.1
2026-08-31,Gulbarga,Mango,Local,FAQ,1772,2166,1969,97.6
2026-08-31,Davangere,Banana,Local,FAQ,1372,1676,1524,86.3
2026-09-01,Dharwad,Brinjal,Local,FAQ,958,1172,1065,38.0
2026-09-01,Davangere,Banana,Local,FAQ,1008,1232,1120,82.7
2026-09-01,Shimoga,Rice,Local,FAQ,2758,3370,3064,58.4
2026-09-01,Gulbarga,Rice,Local,FAQ,2800,3422,3111,82.6
2026-09-01,Gulbarga,Onion,Local,FAQ,742,908,825,45.4
2026-09-02,Mangalore,Wheat,Local,FAQ,1495,1827,1661,37.8
2026-09-02,Karwar,Onion,Local,FAQ,741,905,823,56.5
2026-09-03,Hassan,Onion,Local,FAQ,638,780,709,78.4
2026-09-03,Hubli,Banana,Local,FAQ,904,1106,1005,62.2
2026-09-04,Dharwad,Wheat,Local,FAQ,1770,2164,1967,30.1
2026-09-05,Raichur,Mango,Local,FAQ,1752,2142,1947,74.5
2026-09-05,Bijapur,Rice,Local,FAQ,2018,2466,2242,78.7
2026-09-05,Mangalore,Chilli,Local,FAQ,3761,4597,4179,60.0
2026-09-06,Bangalore (Yeshwanthpur),Tomato,Local,FAQ,786,960,873,43.0
2026-09-06,Shimoga,Tomato,Local,FAQ,1184,1447,1315,55.1
2026-09-06,Hassan,Onion,Local,FAQ,579,707,643,13.2
2026-09-07,Tumkur,Chilli,Local,FAQ,3887,4751,4319,42.0
2026-09-07,Raichur,Brinjal,Local,FAQ,675,825,750,75.9
2026-09-07,Shimoga,Wheat,Local,FAQ,1889,2309,2099,90.0
2026-09-07,Belgaum,Mango,Local,FAQ,1853,2265,2059,81.5
2026-09-08,Davangere,Chilli,Local,FAQ,4779,5841,5310,10.5
2026-09-09,Shimoga,Tomato,Local,FAQ,1133,1385,1259,5.5
2026-09-09,Bellary,Onion,Local,FAQ,536,654,595,87.3
2026-09-09,Shimoga,Rice,Local,FAQ,2162,2642,2402,38.3
2026-09-09,Tumkur,Mango,Local,FAQ,1441,1761,1601,90.9
2026-09-09,Davangere,Wheat,Local,FAQ,1393,1703,1548,26.9
2026-09-09,Bangalore (Yeshwanthpur),Rice,Local,FAQ,2295,2805,2550,67.8
2026-09-10,Mysore,Coconut,Local,FAQ,1172,1432,1302,98.7
2026-09-10,Shimoga,Potato,Local,FAQ,692,846,769,51.8
2026-09-10,Hassan,Brinjal,Local,FAQ,906,1108,1007,94.3
2026-09-11,Raichur,Wheat,Local,FAQ,1472,1799,1635,90.2
2026-09-11,Bangalore (Yeshwanthpur),Onion,Local,FAQ,549,671,610,92.8
2026-09-11,Dharwad,Coconut,Local,FAQ,1014,1240,1127,71.9
2026-09-12,Dharwad,Banana,Local,FAQ,1264,1544,1404,64.8
2026-09-12,Bangalore (Yeshwanthpur),Brinjal,Local,FAQ,734,898,816,39.1
2026-09-12,Tumkur,Brinjal,Local,FAQ,967,1181,1074,85.8
2026-09-12,Belgaum,Coconut,Local,FAQ,1048,1282,1165,75.6
2026-09-13,Belgaum,Potato,Local,FAQ,763,933,848,95.7
2026-09-13,Mysore,Onion,Local,FAQ,590,722,656,49.1
2026-09-13,Raichur,Tomato,Local,FAQ,1052,1286,1169,28.2
2026-09-13,Bangalore (Yeshwanthpur),Tomato,Local,FAQ,857,1047,952,34.8
2026-09-13,Dharwad,Onion,Local,FAQ,551,673,612,14.9
2026-09-13,Belgaum,Wheat,Local,FAQ,1383,1691,1537,47.0
2026-09-14,Bangalore (Yeshwanthpur),Brinjal,Local,FAQ,689,843,766,67.1
2026-09-14,Karwar,Chilli,Local,FAQ,3850,4706,4278,43.1
2026-09-14,Mangalore,Brinjal,Local,FAQ,920,1124,1022,38.4
2026-09-15,Gulbarga,Rice,Local,FAQ,2434,2976,2705,62.4
2026-09-15,Bangalore (Yeshwanthpur),Mango,Local,FAQ,1571,1921,1746,7.0
2026-09-17,Dharwad,Brinjal,Local,FAQ,869,1063,966,60.7
2026-09-18,Bangalore (Yeshwanthpur),Brinjal,Local,FAQ,868,1060,964,22.4
2026-09-18,Bellary,Onion,Local,FAQ,922,1128,1025,42.1
2026-09-19,Bellary,Brinjal,Local,FAQ,688,842,765,26.0
2026-09-19,Bangalore (Yeshwanthpur),Potato,Local,FAQ,570,696,633,20.0
2026-09-20,Mysore,Potato,Local,FAQ,736,900,818,84.4
2026-09-20,Hassan,Mango,Local,FAQ,1499,1833,1666,71.0
2026-09-20,Belgaum,Chilli,Local,FAQ,4345,5311,4828,50.5
2026-09-21,Davangere,Rice,Local,FAQ,2054,2510,2282,94.9
2026-09-21,Karwar,Coconut,Local,FAQ,1119,1367,1243,33.4
2026-09-21,Bellary,Wheat,Local,FAQ,1785,2181,1983,62.2
2026-09-22,Mangalore,Mango,Local,FAQ,2188,2674,2431,97.5
2026-09-22,Bangalore (Yeshwanthpur),Chilli,Local,FAQ,5382,6578,5980,44.1
2026-09-22,Karwar,Banana,Local,FAQ,1047,1279,1163,48.4
2026-09-22,Bijapur,Coconut,Local,FAQ,1073,1311,1192,8.7
2026-09-22,Karwar,Brinjal,Local,FAQ,808,988,898,29.8
2026-09-23,Mangalore,Banana,Local,FAQ,910,1112,1011,53.2
2026-09-23,Bellary,Brinjal,Local,FAQ,712,870,791,56.1
2026-09-24,Mysore,Onion,Local,FAQ,608,744,676,59.1
2026-09-24,Karwar,Wheat,Local,FAQ,1576,1926,1751,72.0
2026-09-24,Davangere,Tomato,Local,FAQ,1149,1405,1277,44.2
2026-09-25,Belgaum,Mango,Local,FAQ,2365,2891,2628,41.1
2026-09-25,Shimoga,Wheat,Local,FAQ,1715,2097,1906,74.4
2026-09-25,Hubli,Chilli,Local,FAQ,3646,4456,4051,81.6
2026-09-25,Shimoga,Rice,Local,FAQ,2100,2566,2333,50.4
2026-09-25,Bellary,Onion,Local,FAQ,824,1007,915,53.2
